"ID","Name","Rating","Price","Latitude","Longitude"
1,"Sandra's Next Generation",4.5,1,41.3,-72.9395
2,"August",4.5,1,41.3158,-72.9096
3,"The Taste Of Brazil",4.5,1,41.3064,-72.9253
4,"One 6 Three",4.5,1,41.3211,-72.909
5,"Da Legna",4.5,1,41.3134,-72.9135
6,"Pitaziki Mediterranean Grill",4.5,1,41.3064,-72.9273
7,"Caseus Fromagerie & Bistro",4,1,41.3131,-72.9215
8,"Junzi Kitchen",4.5,1,41.3112,-72.9303
9,"Frank Pepe Pizzeria Napoletana",4,1,41.3029,-72.9169
10,"Prime 16",4,1,41.3064,-72.9273
11,"Shell & Bones Oyster Bar & Grill",4,1,41.2811,-72.9304
12,"Elm City Social",4,1,41.307,-72.9292
13,"Barracuda Bistro & Bar",4,1,41.3087,-72.9339
14,"Basil Restaurant",4,1,41.3127,-72.9333
15,"Zinc New Haven",4,1,41.3068,-72.928
16,"Crepes Choupette",4.5,1,41.311,-72.9224
17,"Ordinary",4,1,41.3071,-72.9285
18,"Tikkaway Fresh Indian Grill",4.5,1,41.3055,-72.924
19,"Skappo",4.5,1,41.304,-72.9246
20,"Barcelona - New Haven",4,1,41.3058,-72.9274
21,"Pho Ketkeo",4,1,41.3043,-72.9284
22,"Three Sheets",4.5,1,41.3118,-72.9333
23,"Soul de Cuba Cafe",4,1,41.3066,-72.9309
24,"Oak Haven Table & Bar",4,1,41.3148,-72.9111
25,"Chao Restaurant",4,1,41.3127,-72.9219
26,"Mezcal",4,1,41.3166,-72.9089
27,"C'viche 181",4,1,41.3065,-72.9232
28,"Pho & Spice",3.5,1,41.3046,-72.9251
29,"Bull & Swine",3.5,1,41.3153,-72.9099
30,"Jeera Thai",4,1,41.3055,-72.9289
31,"Rubamba",4,1,41.3067,-72.9309
32,"Meat & Co",4,1,41.3044,-72.9262
33,"Mamoun's Falafel Restaurant",4,1,41.3103,-72.9344
34,"The Pantry",4,1,41.3164,-72.909
35,"Rice Pot Thai Cuisine",4,1,41.3164,-72.9083
36,"Dozo",4.5,1,41.3341,-72.9768
37,"The Farm Belly",4,1,41.3065,-72.9178
38,"Atelier Florian",4,1,41.3084,-72.9333
39,"Cave A' Vin",4,1,41.3155,-72.9099
40,"Fornarelli's Ristorante",4,1,41.3049,-72.9242
41,"Naan Kabab Cuisine",4.5,1,41.3199,-72.8721
42,"New Haven Taste of China",4,1,41.3065,-72.928
43,"Ricky D's Rib Shack",4.5,1,41.3226,-72.9288
44,"Johnny Salami's",4.5,1,41.2939,-72.9214
45,"Zoi's On Orange",4.5,1,41.3101,-72.921
46,"York Street Noodle House",3.5,1,41.3081,-72.9322
47,"Caffe Bravo",4,1,41.3223,-72.9119
48,"Patricia's Restaurant",4,1,41.3132,-72.9334
49,"Cask Republic",3.5,1,41.3052,-72.9274
50,"Louis' Lunch",3.5,1,41.3063,-72.93
51,"Tarry Lodge",3.5,1,41.3112,-72.9321
52,"Duc's Place",4,1,41.3061,-72.9236
53,"La Cosinita Mexican Cafe",4,1,41.3086,-72.9336
54,"Shake Shack",3.5,1,41.3068,-72.9285
55,"Bella's Cafe",4,1,41.3268,-72.96
56,"ROÌA Restaurant and Cafe",4,1,41.3069,-72.9289
57,"116 Crown",4,1,41.3046,-72.9263
58,"City Point Kitchen",3.5,1,41.2811,-72.9298
59,"Cedarhurst Cafe",4.5,1,41.3037,-72.9246
60,"Ivy Wok",4,1,41.3112,-72.9316
61,"Carmine's Tuscan Grill",4.5,1,41.3356,-72.9771
62,"Cilantro Fresh Mexican Grill",4,1,41.3291,-72.9689
63,"Adriana's Restaurant and Wine Bar",4,1,41.3081,-72.9152
64,"Olea",4,1,41.3073,-72.9307
65,"Collado Restaurant",5,1,41.2925,-72.9399
66,"Consiglio's",3.5,1,41.3028,-72.9168
67,"Temple Grill",3.5,1,41.3058,-72.9277
68,"Sally's Apizza",3.5,1,41.3032,-72.9201
69,"Lenny & Joe's Fish Tale",3,1,41.2969,-72.9144
70,"Harvest",3,1,41.3079,-72.9313
71,"Modern Apizza",4,1,41.3138,-72.9128
72,"Jordan's Hot Dog's & Mac",4,1,41.3155,-72.91
73,"Kevin's Seafood",4,1,41.2918,-72.9333
74,"Archie Moore's Bar & Restaurant",3.5,1,41.3213,-72.9103
75,"Fryborg",4,1,41.3049,-72.9307
76,"Ay! Arepa",4.5,1,41.3019,-72.9335
77,"Istanbul Cafe",4,1,41.3064,-72.9302
78,"Geronimo Tequila Bar and Southwest Grill",3.5,1,41.3066,-72.9305
79,"BAR",4,1,41.3061,-72.9304
80,"Kitchen ZINC",4,1,41.3067,-72.9281
81,"Brazi's Italian Restaurant",3.5,1,41.2936,-72.9206
82,"Box 63 American Bar & Grill",3.5,1,41.3113,-72.9321
83,"The Regal Beagle",4,1,41.3061,-72.9221
84,"Miya's Sushi",3.5,1,41.3098,-72.9354
85,"Zafra Cuban Restaurant & Rum Bar",3.5,1,41.3079,-72.9222
86,"East Rock Coffee",4,1,41.3198,-72.9128
87,"La Carreta",4,1,41.3149,-72.9113
88,"Maison Mathis",3.5,1,41.311,-72.9314
89,"Tomatillo Taco Joint",3,1,41.3112,-72.9317
90,"Nica's Market",4,1,41.3167,-72.9156
91,"Kasbah Garden Cafe",4,1,41.3111,-72.9337
92,"Union League Cafe",4,1,41.3076,-72.9295
93,"Anastasio's Boat House Cafe",3.5,1,41.3143,-72.8874
94,"K2 New Haven",3.5,1,41.305,-72.9277
95,"Goodfellas Restaurant",4,1,41.3109,-72.9174
96,"Big Green Truck",5,1,41.3139,-72.9095
97,"Oaxaca Kitchen",3,1,41.3063,-72.9295
98,"Scarpellinos Restaurant and Catering",4.5,1,41.2933,-72.8976
99,"The Thai",4,1,41.3344,-72.9764
100,"Heirloom",3.5,1,41.309,-72.9328
101,"G Cafe Bakery Ninth Square",3.5,1,41.3056,-72.9239
102,"Jake's Diggity Dogs",3.5,1,41.3054,-72.929
103,"Caribbean Connection",4,1,41.3175,-72.945
104,"Southern Hospitality Soulfood",4,1,41.3185,-72.9472
105,"L'Orcio",3.5,1,41.3126,-72.9147
106,"Fair Haven Lobster Company",5,1,41.3125,-72.8878
107,"Abate Apizza & Seafood Restaurant",3.5,1,41.3031,-72.916
108,"The Trinity Bar & Restaurant",4,1,41.306,-72.9236
109,"Kumo Hibachi",3.5,1,41.3073,-72.9214
110,"Anaya Sushi",3,1,41.3084,-72.9326
111,"Ernie's Pizzeria",4.5,1,41.331,-72.9725
112,"Anchor Spa",4,1,41.3071,-72.929
113,"Jasmine Thai Cart",4.5,1,41.3079,-72.9266
114,"Marco Polo",3.5,1,41.304,-72.9245
115,"El Coqui Restaurant",4,1,41.3086,-72.8985
116,"The Spot - Frank Pepe Pizzeria Napoletana",4,1,41.3031,-72.9172
117,"Go Greenly",4,1,41.312,-72.9223
118,"Lena's Cafe & Confections",4,1,41.3268,-72.9594
119,"Great Wall of China",3.5,1,41.3122,-72.9215
120,"Mediterranea",4,1,41.3059,-72.9242
121,"Mexcalli Taco Truck",4.5,1,41.2936,-72.9182
122,"Anna Liffey's",4,1,41.3108,-72.9224
123,"Rudy's Bar & Grill",3.5,1,41.3094,-72.9352
124,"Tony & Lucille's Little Italy Restaurant",3,1,41.3026,-72.9166
125,"B-Natural Cafe",3.5,1,41.3073,-72.93
126,"Vito's Deli",4.5,1,41.3052,-72.9256
127,"Mecha Noodle Bar",4,1,41.3055,-72.9286
128,"The Marketa",3.5,1,41.3068,-72.9271
129,"Sitar",4,1,41.31,-72.9212
130,"Caseus Cheese Truck",4,1,41.3113,-72.9368
131,"Ali Baba's Fusion Food Cart",4.5,1,41.3161,-72.924
132,"Aladin Crown Pizza",3.5,1,41.3061,-72.9306
133,"Mecha-Uma",4.5,1,41.3052,-72.9269
134,"JP Dempsey's",3,1,41.3156,-72.91
135,"Pizza House",4,1,41.3107,-72.9345
136,"Pacífico",3,1,41.3063,-72.9298
137,"Imperial Wok",4,1,41.3045,-72.9372
138,"Jung's Kimchi Corner",4.5,1,41.304,-72.9349
139,"Atticus Bookstore & Cafe",3.5,1,41.3076,-72.9299
140,"Royal Palace",3.5,1,41.3038,-72.9254
141,"Elm City Games",5,1,41.3049,-72.9233
142,"Dee Asian Kitchen",3,1,41.3063,-72.9271
143,"Tijuana Taco Company",4,1,41.3055,-72.9289
144,"House of Naan Indian Kitchen and Bar",5,1,41.3095,-72.935
145,"Cody's Diner",3,1,41.301,-72.9166
146,"Est Est Est Pizza",3,1,41.3086,-72.9332
147,"P&M Orange Street Market",4,1,41.32,-72.9131
148,"Blaze Fast-Fire'd Pizza",4,1,41.2873,-72.9283
149,"Lucy's Place",3.5,NA,41.32,-72.8942
150,"Tropical Caribbean Restaurant",4,NA,41.3186,-72.9343
151,"House of Chao",3.5,1,41.3269,-72.9605
152,"168 York St Cafe",3.5,1,41.3081,-72.9321
153,"Ixtapa Mexican Tacos",4.5,1,41.2925,-72.9194
154,"Manjares Fine Pastries & Tapas Bar",4,1,41.3255,-72.959
155,"Joey D's Pizzeria",4,1,41.2582,-72.8914
156,"The Portobello Latin Food Cart",4.5,1,41.3099,-72.9231
157,"Miso Japanese Restaurant",3.5,1,41.3035,-72.9251
158,"Portofino's Restaurant & Bar",3.5,1,41.3147,-72.9107
159,"Thali",3.5,1,41.3033,-72.9259
160,"Fireside Bar & Grill",3.5,1,41.2906,-72.8942
161,"Yale Cabaret",4.5,NA,41.3095,-72.9326
162,"Christopher Martins Restaurant",3.5,1,41.3136,-72.9132
163,"Bill's Carousel Ice Cream",4.5,1,41.3301,-72.9695
164,"El Amigo Felix",3.5,1,41.3128,-72.9331
165,"Cafe Romeo",3,1,41.315,-72.9173
166,"The Greek Olive",3,1,41.2946,-72.9195
167,"B & M Quality Delicatessen",4,NA,41.3173,-72.8977
168,"Mama Mary's Soul Food",3.5,1,41.3174,-72.9455
169,"Yorkside Pizza and Restaurant",3,1,41.3111,-72.93
170,"91 Diner Restaurant",3.5,1,41.3284,-72.8784
171,"John Davenport's",3.5,1,41.3057,-72.9272
172,"Little Salad Shop",3.5,1,41.3073,-72.9305
173,"Buffalo Wild Wings",2.5,1,41.3053,-72.9266
174,"Town Pizza Restaurant",4,1,41.311,-72.9222
175,"Ali Baba's Fusion",4,1,41.3032,-72.9343
176,"The Meat Truck",4,1,41.3076,-72.9246
177,"Alpha Delta Pizza",3,1,41.3121,-72.9332
178,"Panera Bread",3,1,41.3077,-72.9302
179,"Costa Pizza",3.5,1,41.3105,-72.9225
180,"Chap's Grille",2.5,1,41.3087,-72.9335
181,"Wall Street Pizza & Restaurant",3,1,41.3104,-72.9258
182,"Westville Seafood Drive In",3.5,1,41.3358,-72.9768
183,"Grand Apizza",4.5,1,41.3096,-72.8917
184,"Gennaro's Apizza",3,1,41.3048,-72.9373
185,"Athenian Diner",3,1,41.3335,-72.9764
186,"Salsa Fresca Mexican Grill",3,1,41.3109,-72.93
187,"Good Nature Market",3.5,1,41.3111,-72.9302
188,"Brick Oven Pizza",3,1,41.3121,-72.9338
189,"Clark's",4,1,41.2895,-72.9299
190,"Mory's Association",3.5,1,41.3118,-72.9296
191,"Cafe Java",4,1,41.3081,-72.9227
192,"The Little Colombia Restaurant",5,1,41.285,-72.887
193,"Thali Too",4,1,41.312,-72.9307
194,"Lalibela Ethiopian Restaurant",3.5,1,41.3065,-72.9273
195,"Christy's Irish Pub",4,1,41.3079,-72.9221
196,"Blessings II Go",3,1,41.3145,-72.9118
197,"Salad Shop",3.5,1,41.3108,-72.9225
198,"Tandoor The Clay Oven",4,1,41.3092,-72.9354
199,"Frisco's Pizza",4,NA,41.2903,-72.8955
200,"Kamal",3.5,1,41.3127,-72.9333
201,"Ay! Salsa Cart",4,1,38.4906,-91.2635
202,"Basta Trattoria",4,1,41.3072,-72.9289
203,"Buen Gusto Restaurant",4.5,NA,41.3087,-72.9023
204,"Thai Taste",3.5,1,41.309,-72.9325
205,"Roly Poly Sandwiches",3.5,1,41.3086,-72.9255
206,"Pizza Heaven",3,1,41.3283,-72.9566
207,"Lean's Vietnamese Food Cart",4,1,41.3043,-72.9341
208,"Fresh Taco",2.5,1,41.3076,-72.9222
209,"China King",2.5,1,41.3066,-72.9276
210,"Island Spice",4.5,1,41.3178,-72.9441
211,"Santa Apolonia Taco Truck",4,1,41.2922,-72.9197
212,"West End Bistro",4.5,1,41.27,-72.9585
213,"Blue State Coffee",3.5,1,41.3018,-72.9332
214,"K & G Corner Deli",3.5,1,41.3063,-72.9236
215,"Sushi Mizu",3,1,41.3137,-72.9339
216,"Thai Sweet Sticky Rice",4.5,1,41.3161,-72.9244
217,"Court Street Apizza",4.5,1,41.3062,-72.9225
218,"Main Garden",2.5,1,41.3117,-72.9331
219,"Tre Scalini Restaurant",3,1,41.3025,-72.9149
220,"Moe's Southwest Grill",3,1,41.3119,-72.9225
221,"Moghuli Food Cart",4.5,1,41.3139,-72.9251
222,"Chipotle Mexican Grill",2.5,1,41.3062,-72.9266
223,"Loris Cafe",4.5,NA,41.3158,-72.9001
224,"Clark's Pizza & Restaurant",3,1,41.3124,-72.9222
225,"Wings Over",3,1,41.3123,-72.9222
226,"La Cabaña",4,NA,41.3074,-72.9172
227,"Spooner Restaurant & Pizza",4,1,41.3331,-72.9759
228,"Arecibo's Restaurant",4,1,41.3087,-72.9023
229,"Panaderia La Tapatia",3,1,41.3089,-72.8997
230,"Sports Haven Bar & Grille",3,1,41.2994,-72.912
231,"Wok Number One",4.5,NA,41.3149,-72.8976
232,"Tropical Smoothie Cafe",3,1,41.3136,-72.9323
233,"B-Natural Cafe",5,NA,41.3051,-72.9243
234,"Popeyes Louisiana Chicken",4,1,41.2824,-72.9382
235,"Now We're Smokin",3.5,1,41.2922,-72.9431
236,"Lalibela Cart",4,1,41.3161,-72.9244
237,"Ah-Beetz",3.5,1,41.3068,-72.927
238,"Dayton Street Apizza",3.5,1,41.329,-72.9687
239,"Viva Zapata",3,1,41.3081,-72.934
240,"La Vero",3.5,1,41.3046,-72.9342
241,"Peking Edo Cart",4.5,1,41.304,-72.9349
242,"La Molienda Peruvian Restaurant & Bar",3.5,1,41.3095,-72.8919
243,"Claire's Corner Copia",3,1,41.3072,-72.9289
244,"Bruegger's Bagels",2.5,1,41.3106,-72.9223
245,"New Haven Pizza",2,1,41.3107,-72.9496
246,"Ixtapa #1 Truck",4,1,41.2925,-72.9194
247,"Ali Baba's Fusion",4.5,1,41.3402,-72.9357
248,"Bistro Mediterranean & Tapas Bar",4,1,41.2808,-72.8761
249,"Polmag Deli",4.5,NA,41.3127,-72.9146
250,"Popeyes Louisiana Kitchen",3,1,41.3136,-72.9336
251,"Wireless Caribbean Restaurant",4,NA,41.3013,-72.9421
252,"Vivi Bubble Tea",3.5,1,41.3066,-72.9275
253,"Sandbar Seafood",4,1,41.2806,-72.9396
254,"The Twisted Croissant",4.5,1,41.3019,-72.9337
255,"Rong Fa Chinese Restaurant",4,NA,41.2944,-72.9329
256,"The Soup Girl",4.5,1,41.3464,-72.9126
257,"Savin Rock Roasting Company",4,1,41.26,-72.9487
258,"Tacos Los Michoacanos",4,1,41.2915,-72.9204
259,"Stowe's Seafood",4,1,41.2589,-72.942
260,"Westville Pizza",3,1,41.327,-72.9599
261,"Sushi on Chapel",3,1,41.3074,-72.9294
262,"Empire Pizza",2,1,41.3131,-72.9335
263,"Overlook Café at YNHH",3,1,41.3043,-72.9364
264,"Amity Brick Oven Pizza",2.5,1,41.3382,-72.9801
265,"Whalley Pizza",3.5,1,41.3171,-72.9441
266,"Cafe George By Paula",3,1,41.3057,-72.9323
267,"Pad Thai Restaurant",3.5,1,41.3086,-72.9334
268,"The Halal Guys",3,1,41.3063,-72.9266
269,"Sugar Cupcake Truck",4,1,41.3076,-72.9246
270,"One Stop Mart & Deli",3.5,1,41.3229,-72.9109
271,"Spuds Your Way",5,1,41.3725,-72.9229
272,"Crown Chicken & Fish",5,1,41.2727,-72.972
273,"Denny's",2.5,1,41.3345,-72.9753
274,"Hayama Cart",4.5,1,41.3161,-72.9244
275,"Saray Turkish Restaurant",4.5,1,41.2796,-72.9558
276,"Woodbridge Social",3.5,1,41.339,-72.9819
277,"Taste of Thai Cart",5,1,41.3161,-72.9244
278,"Freskos",4.5,1,41.3817,-72.9023
279,"Nick's Luncheonette",4.5,1,41.2788,-72.9413
280,"Bruegger's Bagels",3,1,41.3344,-72.9771
281,"Wing Madness",2.5,1,41.3328,-72.9355
282,"Georgie's Diner",4,1,41.2734,-72.9574
283,"El Poblano Mexican Food Cart",5,NA,41.3166,-72.9247
284,"Thai Spice",4.5,1,41.2734,-72.9939
285,"Whalley's Seafood",2,NA,41.3148,-72.9363
286,"Clementes Pizza & Grill",4.5,1,41.331,-72.9736
287,"La Esquina Del Mofongo",4,NA,41.2861,-72.9361
288,"Michaelangelo Pizza & Subs Restaurant",4.5,1,41.308,-72.9691
289,"J & B Deli Grocery",3,1,41.3086,-72.9317
290,"Turkish Kebab House",4.5,1,41.2911,-72.9586
291,"Brazzas &  Charcoal",4.5,1,41.2819,-72.8776
292,"Shang Hai",3,1,41.3177,-72.9449
293,"Sofie's Gourmet",3,NA,41.3043,-72.9289
294,"Uncle Willie's BBQ",4,1,41.2716,-72.9741
295,"Zaroka Bar And Restaurant",4,1,41.3077,-72.9325
296,"Sbarro",3,1,41.2985,-72.926
297,"Texas Roadhouse",4,1,41.2692,-72.9762
298,"Saoco Restaurant",4,1,41.305,-72.9658
299,"State Street Cafe",4.5,1,41.3696,-72.8867
300,"Panda House",4,1,41.2787,-72.9442
301,"Aztec Grill & Grocery",4.5,1,41.3412,-72.8624
302,"Seoul Restaurant",3,1,41.3075,-72.933
303,"Katz's Restaurant Deli",3,1,41.3401,-72.9783
304,"State Garden",3,1,41.3153,-72.9107
305,"Delmonaco's Market",2,1,41.2696,-72.8967
306,"Pizza Corner",3,NA,41.3046,-72.9342
307,"McDonald's",1.5,1,41.3157,-72.9414
308,"Playwright Irish Pub Restaurant",3.5,1,41.3457,-72.9126
309,"Sapori D'Italia",4.5,1,41.3542,-72.9361
310,"The Terrace",4.5,1,41.3549,-72.9287
311,"Grimaldi's Italian Kitchen",3.5,1,41.3403,-72.9776
312,"Curry in a Hurry",4,NA,41.3167,-72.9247
313,"Thai Noodle Cafe",4,NA,41.3063,-72.927
314,"Avellino's Apizza",3,1,41.3084,-72.9026
315,"Cedar Falafel House",4.5,1,41.2881,-72.9717
316,"State Garden II",2.5,1,41.3342,-72.9766
317,"Downtown Pizza",3,1,41.318,-72.9338
318,"Elm Diner",3.5,1,41.2788,-72.9443
319,"Home",4,1,41.2833,-72.8106
320,"Burrito Bliss",4,NA,41.3035,-72.9358
321,"The 4B Festival",2,NA,41.3163,-72.9029
322,"Wood-n-Tap Bar & Grill - Hamden",3.5,1,41.3701,-72.9217
323,"Mikro",4,1,41.4043,-72.8992
324,"Olympia Diner",2.5,1,41.295,-72.9464
325,"744 West Bar & Grill",4,1,41.2876,-72.9729
326,"Sandwiches El Cubano",4,1,41.2918,-72.9203
327,"Solun Bar and Tapas",3.5,1,41.3434,-72.9832
328,"JJ's Italian Kitchen",4.5,1,41.3531,-72.8919
329,"Tlaxcala Grocery",3.5,NA,41.3155,-72.9102
330,"Five Guys Burgers and Fries",3.5,1,41.3054,-72.9257
331,"Lechonera La Unica",4,1,41.2925,-72.9194
332,"Amici Tavern",4,1,41.3887,-72.8649
333,"Thai Stories Restaurant",4,1,41.3391,-72.982
334,"Burger King",1,1,41.3152,-72.938
335,"Park Central Tavern",3,1,41.3592,-72.9102
336,"Lobster Shack",4.5,1,41.2735,-72.8112
337,"Giuseppe's Pizza & Restaurant",3.5,1,41.3203,-72.8696
338,"Wok On In",2,1,41.3111,-72.9423
339,"Subway",4,1,41.3121,-72.9222
340,"Wah-Chun Chinese Restaurant",1,1,41.3089,-72.8952
341,"Iron Chef",4.5,1,41.256,-73.0148
342,"Bottega Lounge",2,1,41.3065,-72.9279
343,"Small Kitchen Big Taste",5,NA,41.3685,-72.8806
344,"Four Burritos Diner",4,1,41.2723,-72.9496
345,"Zuppardi's Apizza",4,1,41.2736,-72.9446
346,"Golden Wok",5,1,41.3085,-72.8916
347,"Punjabi Kadhai Indian Cuisine Restaurant",4.5,1,41.3557,-72.8718
348,"The Salad Palace",5,1,41.3461,-72.913
349,"Golden Rock",1.5,1,41.3057,-72.9247
350,"Our Oasis",4.5,1,41.2658,-72.8729
351,"Atrium Café - Brioche Dorée",3,NA,41.304,-72.935
352,"Daiko Japanese Restaurant & Jerry-San's Sushi Bar",4,1,41.3081,-72.9679
353,"Aladeen on the Grill",3,NA,41.3161,-72.9244
354,"Dive Bar & Resturant",4,1,41.2362,-72.9865
355,"Subway",3,NA,41.3054,-72.934
356,"More Than Pizza",3,1,41.3272,-72.9528
357,"Ola Restaurant",4.5,1,41.2626,-73.0065
358,"Torals Restaurant",1,NA,41.3146,-72.8967
359,"Frankie's",4,1,41.2817,-72.9828
360,"Thai Awesome",4,1,41.3538,-72.9297
361,"Kimberly Pizza",4,NA,41.291,-72.9332
362,"Planet Pizza",3.5,1,41.316,-72.9095
363,"Charcoal Chicken",3.5,1,41.2791,-72.9425
364,"Taqueria Jalisciences",3.5,NA,41.309,-72.8979
365,"A-1 Oriental Kitchen",2.5,1,41.3182,-72.9472
366,"Koi Sushi",4,1,41.2769,-72.8689
367,"Greek Olive Restaurant",3,1,41.2996,-72.9303
368,"Eli's Orange",3.5,1,41.267,-73.0021
369,"JaSa Asian Cuisine",4,1,41.359,-72.9268
370,"Pizza Plus",5,NA,41.3073,-72.9123
371,"Blue Check Village",4.5,1,41.3549,-72.991
372,"Three Brothers Diner",3.5,1,41.3416,-72.9352
373,"Le Petit Gourmet",3.5,1,41.3458,-72.9122
374,"Cafe on Temple",1,NA,41.3043,-72.9289
375,"Provenzano's",4.5,1,41.2735,-72.9631
376,"Only the Best Pizza",4.5,1,41.2641,-72.9467
377,"Wood-n-Tap Bar & Grill",3.5,1,41.2647,-73.0041
378,"Tropical Krust",4,NA,41.2859,-72.936
379,"Five Guys Burgers and Fries",4,1,41.3388,-72.9803
380,"Barbara's Restaurant",3.5,1,41.3394,-72.9354
381,"Ninth Square Market",3.5,NA,41.3046,-72.9251
382,"Ibiza Tapas Restaurant & Wine Bar",3.5,1,41.3617,-72.9245
383,"App's Ristorante",4,1,41.2599,-72.9483
384,"Coromandel Cuisine of India",4.5,1,41.2726,-72.9961
385,"Cafe Amici",3.5,1,41.3603,-72.9098
386,"Southern Wings Express",3.5,1,41.2781,-72.9447
387,"Marigolds",3,1,41.3044,-72.9342
388,"Peroles Restaurant & Bar",4,1,41.2606,-72.9457
389,"Black olive",5,1,41.3044,-72.9284
390,"Liuzzi Gourmet Food Market",4.5,1,41.3719,-72.8864
391,"Boiling SoHo",4.5,NA,41.3118,-72.916
392,"Eli's on Whitney",3.5,1,41.3844,-72.9017
393,"Biagetti's Restaurant",4,1,41.2601,-72.9454
394,"Sandpiper Restaurant",3.5,1,41.2461,-72.8694
395,"Roma Pizza",5,NA,41.2772,-72.8631
396,"Midnight Ramen",4,NA,41.3084,-72.9326
397,"Lunch Box 23",5,1,41.2828,-72.9792
398,"East Haven Village Family Restaurant",4,1,41.2856,-72.8873
399,"Prime 16 - Orange",3.5,1,41.2569,-73.0132
400,"Sing Hee Restaurant",4,1,41.3405,-72.8629
401,"Bangkok Boulevard",4,1,41.4044,-72.8991
402,"Id Brazil Restaurant",3.5,1,41.2767,-72.95
403,"Nick's Char-Pit",3.5,1,41.3362,-72.8685
404,"Pizza Haven",2.5,1,41.308,-72.9366
405,"Tripletas & More",4,1,41.2925,-72.9194
406,"Sushi Palace",4,1,41.3529,-72.9301
407,"Cafe Blake",3,1,41.3406,-72.9827
408,"El Patron",3,1,41.3089,-72.8951
409,"El Rincon Peruano",3.5,1,41.2713,-72.9493
410,"Golden Dragon",4.5,NA,41.2871,-72.9737
411,"Moonrise Cafe",4.5,1,41.389,-72.8611
412,"Cappetta Italian Import & Catering",4,1,41.2958,-72.9573
413,"Jimmies Of Savin Rock",2.5,1,41.2559,-72.9534
414,"Ziggy's Pizza Restaurant",2,1,41.3085,-72.8862
415,"Taqueria Mexicana",4,1,41.2881,-72.972
416,"John & Maria's Pizzeria",4,1,41.3246,-72.8346
417,"Gabriele Ristorante Italiano & Bar",3.5,1,41.2639,-73.0039
418,"West Haven Duchess Dineraunt",3.5,1,41.2776,-72.9542
419,"Ponce's",3,NA,41.3156,-72.9101
420,"Bread & Chocolate",4,1,41.3863,-72.9004
421,"Eli's On the Hill",3.5,1,41.2796,-72.8422
422,"New West Cafe",3,1,41.3268,-72.9595
423,"Aniello's Pizza & Italian Restaurant",4,1,41.2779,-72.8675
424,"Popeyes Louisiana Kitchen",2,1,41.3209,-72.8735
425,"Cumin India",4,1,41.3717,-72.9069
426,"Crown Fried Chicken",2.5,1,41.3189,-72.9493
427,"Baja's Authentic Mexican Restaurant",3.5,1,41.2784,-72.9877
428,"Le Petit Cafe",4.5,1,41.2824,-72.8096
429,"East Pavilion Cafeteria",2,NA,41.304,-72.935
430,"Supreme Seafood Restaurant",4.5,1,41.3303,-72.789
431,"Taco Bell",2,1,41.3206,-72.8739
432,"Panda Hut Chinese Take-Out",3,NA,41.3105,-72.95
433,"Nellie Green's Restaurant",3.5,1,41.2734,-72.8141
434,"Papa John's Pizza",2.5,1,41.3147,-72.9364
435,"Lo Monaco's",4,1,41.2755,-72.8325
436,"Jerri's Luncheonette",4.5,1,41.2733,-72.9507
437,"The Family Resturant",5,NA,41.2619,-72.9467
438,"Beachhead Restaurant",3,1,41.2468,-72.8628
439,"Subway",2.5,1,41.3157,-72.9388
440,"Mai Thai Restaurant",4,1,41.2558,-73.016
441,"Plan B Burger Bar",3.5,1,41.2475,-73.0274
442,"Subway",2,1,41.3054,-72.934
443,"KFC",3.5,1,41.317,-72.943
444,"No. 1 Chinese Restaurant",2.5,NA,41.3209,-72.8657
445,"Tropical Breeze Jamaican Kitchen",3.5,1,41.27,-72.9488
446,"Seabreeze Pizza Plus",4.5,1,41.2214,-73.0054
447,"Asian Flavour Indian Restaurant",4.5,1,41.3628,-72.922
448,"Domino's Pizza",1.5,1,41.3178,-72.9447
449,"Goodies",3.5,1,41.2759,-72.991
450,"King Falafel",2.5,1,41.3066,-72.9293
451,"Mickey's Restaurant & Bar",3.5,1,41.3817,-72.9023
452,"Corso's Deli & Subs",4.5,1,41.2881,-72.972
453,"The Corner Deli",4,1,41.3828,-72.9076
454,"Sing-Wah Chinese Restaurant",2,1,41.3204,-72.9513
455,"Sono Bana Japanese Restaurant",4,1,41.3463,-72.9344
456,"Wasabi Orange",4,1,41.2618,-73.0068
457,"Lorenzo's Ristorante Italiano",3.5,1,41.2796,-72.9408
458,"Turk's Restaurant",3.5,1,41.2567,-72.9557
459,"Crave",4,1,41.3449,-73.0795
460,"Hamden Town House",3.5,1,41.38,-72.9034
461,"Soga Sushi",4.5,1,41.3981,-72.8521
462,"Arely's Restaurant & Take Out",3,NA,41.3191,-72.8995
463,"Deli On The Block",5,NA,41.3542,-72.9294
464,"USA Pizza",3,1,41.3089,-72.8952
465,"Anthony John's Pizzeria",4.5,1,41.3247,-72.8214
466,"Chips Family Restaurant",3.5,1,41.2646,-73.0048
467,"Indochine Pavilion",2.5,1,41.3088,-72.9338
468,"Nataz Restaurant",4.5,1,41.3246,-72.7712
469,"La Jaltera",2.5,NA,41.318,-72.9389
470,"Donovan's Reef",3.5,1,41.2846,-72.8112
471,"Richard's Corner Gourmet Deli",4,1,41.3592,-72.9092
472,"Midori",4,1,41.4043,-72.8992
473,"Slyce pizza bar",3.5,1,41.3386,-72.9406
474,"Burton's Restaurant",5,NA,41.2791,-72.9506
475,"Mike's Apizza & Restaurant",4,1,41.261,-72.9457
476,"Wayback Burgers",3.5,1,41.2717,-72.9956
477,"Formosa Asian Fusion Restaurant",3.5,1,41.3421,-72.8613
478,"Dockside Seafood & Grille",3.5,1,41.2634,-72.8076
479,"Sallys Pizza",3,1,41.303,-72.9199
480,"Tolli's Apizza",3.5,1,41.2814,-72.8771
481,"Harold's on Arch",5,NA,41.3384,-72.9417
482,"Copper City Bar & Grill",4,1,41.3441,-73.079
483,"Ludal Italian Restaurant",3.5,1,41.3889,-72.8631
484,"Terminal 110",3,1,41.2928,-72.9211
485,"Baingan",4,1,41.3047,-73.0766
486,"Great Wall",2.5,1,41.3325,-72.9755
487,"Jalapeno Heaven",3.5,1,41.2803,-72.8247
488,"Momo Sushi",4.5,1,41.2414,-73.0334
489,"King Chef",3,1,41.2748,-72.9637
490,"Randall's Bar And Restaurant",5,1,41.26,-72.9641
491,"Cafe Fiore",4,1,41.2974,-72.778
492,"Country Kitchen",4,1,41.277,-72.87
493,"Mama Rosa's",3,1,41.3693,-72.8878
494,"Foe Foods & Catering",4.5,1,41.2782,-72.8177
495,"The Owl Shop",4.5,1,41.3071,-72.9292
496,"3D's Jamaican  International Cuisine",3.5,1,41.2729,-72.9944
497,"Ziggy's Family Pizza Restaurant",3,NA,41.3085,-72.8862
498,"Puerto Vallarta",3,1,41.2615,-73.0087
499,"Pizza By Romano's",3.5,1,41.304,-72.8944
500,"Sushi X",3,1,41.2592,-72.9465
501,"Scribner's",3.5,1,41.2249,-72.9947
502,"Paul & Eddy's Pizza",3.5,1,41.3585,-72.9101
503,"Corner Mini Market",5,NA,41.3159,-72.8908
504,"Dumpling House",4.5,1,41.2323,-73.0525
505,"Country Food Market",4.5,1,41.3412,-72.8955
506,"Triple AAA Pizza Restaurant",3,1,41.3176,-72.944
507,"Bellini's Italian Cuisine",3.5,1,41.3888,-72.8608
508,"El Salvadoreno",4,NA,41.2843,-72.9571
509,"Anastasio's Steakhouse",3,1,41.248,-72.8838
510,"Brown Stone House",4,1,41.3836,-72.9015
511,"Som Siam Thai Cuisine",4,1,41.2839,-72.8097
512,"Oyster River Tavern",3,1,41.2363,-72.9864
513,"China Pavilion",4,1,41.272,-72.9965
514,"LongHorn Steakhouse",3,1,41.3505,-72.869
515,"McDonald's",2.5,NA,41.2838,-72.9374
516,"Tokyo Sushi II",4.5,1,41.3939,-72.857
517,"The Rib House",3,1,41.2766,-72.8692
518,"Ristorante Luce",3.5,1,41.4044,-72.8983
519,"Tropical Delights",3,1,41.3275,-72.953
520,"Village Bistro",4,1,41.243,-73.0301
521,"GROW",4.5,1,41.317,-73.0932
522,"Hard Hat Cafe",4,1,41.3882,-72.8672
523,"Annie's Kitchen",3.5,1,41.3389,-72.8639
524,"Lenny's Indian Head Inn",3.5,1,41.2615,-72.8013
525,"Montowese Food Center",4.5,1,41.3425,-72.8601
526,"Tommy Sullivan's Cafe",3.5,1,41.2908,-72.8061
527,"Hornet's Nest Deli",4.5,1,41.2921,-72.7926
528,"Pasta Cosi",3.5,1,41.282,-72.8114
529,"Ixtapa Mexican Restaurant & Cantina",3.5,1,41.3892,-72.8993
530,"Pacileo's Apizza & Pasta",3.5,1,41.3284,-72.8124
531,"Oscar's Woodmont Kitchen",3,1,41.2208,-73.0053
532,"G-Zen Restaurant",4.5,1,41.2851,-72.8094
533,"Teddy B's Restaurant",4,1,41.4001,-73.001
534,"Chili's",2.5,1,41.2855,-72.8789
535,"Woodbridge Gathering",3.5,1,41.3405,-72.981
536,"Side Street Bar & Grill",3,1,41.4039,-72.8993
537,"THC The Hops Company",3.5,1,41.3146,-73.0521
538,"Amity Meat Center",3.5,1,41.3406,-72.9795
539,"Subway",3,1,41.3064,-72.9276
540,"Ray and Mike's Dairy & Deli",4,1,41.4054,-72.8994
541,"The Musical Forest Cafe",4,1,41.3909,-72.8595
542,"Dew Drop Inn",4.5,1,41.3252,-73.0963
543,"Takumi Sushi, Ramen & Lounge",5,1,41.276,-72.8346
544,"Star Of India",4.5,1,41.2728,-72.9943
545,"B & B Grocery & Deli",4,1,41.3523,-72.9313
546,"Giulio's Pizza Restaurant",2.5,1,41.3415,-72.8625
547,"Subway",2.5,NA,41.3266,-72.9591
548,"GW Carson's Burger Bar",3,1,41.2927,-72.7887
549,"Smashburger",3,1,41.2461,-73.0277
550,"El Tapatio",1,1,41.3089,-72.8951
551,"The Corner Restaurant",4.5,1,41.225,-73.0572
552,"Buffalo Wild Wings",2.5,1,41.3537,-72.87
553,"Dragon East",4,1,41.2865,-72.817
554,"Asti Ristorante & Bar",3.5,1,41.2814,-72.8118
555,"Doody's Totoket Inn",3.5,1,41.3305,-72.8064
556,"Assaggio",3.5,1,41.2803,-72.809
557,"G Cafe Bakery Branford",4,1,41.2814,-72.812
558,"Fratelli's Italian Restaurant",4.5,1,41.223,-73.0462
559,"Hibachi Grill & Supreme Buffet",2.5,1,41.272,-72.9964
560,"Campania Ristorante",4,1,41.2933,-72.792
561,"Stellato's Deli & Catering",4.5,1,41.3877,-72.8734
562,"Roma Pizza",5,NA,41.2886,-72.8918
563,"Capotorto's Apizza Center",4,1,41.3219,-72.8525
564,"Glenwood Drive-In",3.5,1,41.3894,-72.8999
565,"Subway",2,1,41.2985,-72.926
566,"Cafe Rico",5,NA,41.3829,-72.9013
567,"Panera Bread",3.5,1,41.3527,-72.8722
568,"Thai Dish & Burger",4.5,1,41.3885,-73.0709
569,"Siam Orchids Restaurant",4,1,41.2759,-72.8354
570,"New Golden Island Chinese",3.5,1,41.2732,-72.9503
571,"B C's Deli & Grocery Store",5,NA,41.3047,-72.8944
572,"Scorpio Lounge & Cafe",3,NA,41.311,-72.9491
573,"Thai Spice",4,1,41.3699,-72.921
574,"Shong Fa Jaing Chinese Restaurant",3.5,1,41.3218,-72.8517
575,"Lao Sze Chuan",3.5,1,41.2456,-73.0274
576,"Tom's and Pat's Pizzeria & Take Out",3.5,1,41.2486,-72.9639
577,"On The Border Mexican Grill & Cantina",3.5,1,41.26,-73.0022
578,"Mac N' Out Macaroni & Cheese",4,1,41.2323,-73.0508
579,"Burger King",1,NA,41.3318,-72.9737
580,"Cappie's Apizza",4,1,41.3837,-72.9015
581,"Outback Steakhouse",3,1,41.2559,-73.001
582,"Koi Sushi & Asian Fusion",4.5,1,41.3412,-73.0775
583,"New Great Wall",4.5,1,41.4084,-72.8457
584,"Andini's Restaurant/Pizza",4,1,41.2522,-73.0203
585,"Kumo",3.5,1,41.3723,-72.9084
586,"Captain Catch Seafood Restaurant",3.5,1,41.2287,-72.9969
587,"La Famiglia Vincenzo",3.5,1,41.2451,-73.028
588,"Foliage Chinese Restaurant",3.5,1,41.2824,-72.8778
589,"La Pergola",4.5,1,41.2813,-72.877
590,"Swagat Cart",3,1,41.2938,-72.9386
591,"500 Degrees",3.5,1,41.3198,-73.0878
592,"Krauszer's",4,NA,41.2577,-72.891
593,"Carmine's Ristorante Italiano",3.5,1,41.2934,-73.0737
594,"Paradise Indian Cuisine",3.5,1,41.255,-73.015
595,"McDonald's",2.5,1,41.3219,-72.8783
596,"Mickey's Express",1.5,NA,41.3106,-72.9223
597,"River Rock Tavern",4,1,41.3194,-73.0813
598,"Hayama Restaurant",3,1,41.2711,-72.997
599,"Golden Dragon Buffet & Grill",3.5,1,41.2857,-72.8756
600,"College Convenience & Deli",2.5,1,41.307,-72.9291
601,"Sakura Garden",3.5,1,41.3628,-72.922
602,"Townhouse Pizza",1,NA,41.2857,-72.9361
603,"Mediterranea Cafe",4,NA,41.3407,-72.9783
604,"Jersey Mike's Subs",4,1,41.2762,-72.837
605,"Downtown At the Taft",2,1,41.3068,-72.9288
606,"House of Bones BBQ",3.5,1,41.3152,-73.08
607,"1370 Hibachi Express",4.5,1,41.3503,-72.932
608,"700 Degrees Pizzeria",3.5,1,41.2533,-73.0182
609,"Adelphia Cafe",4,1,41.413,-72.8413
610,"Subway",4,NA,41.3204,-72.8771
611,"Eli's Brick Oven Pizza Market",3,1,41.3848,-72.9016
612,"Hing Wah",2.5,1,41.338,-72.9349
613,"Olde World Apizza",4,1,41.37,-72.9064
614,"Gippers Restaurant & Ale House",3.5,1,41.2338,-73.0279
615,"Grand Apizza",3.5,1,41.3989,-73.0013
616,"7 Seas Restaurant and Pub",4,1,41.2226,-73.0565
617,"La Azteca",5,1,41.2926,-72.9192
618,"Gia Marie's Pizzeria",4,1,41.3209,-72.8658
619,"Branford Townhouse Restaurant",3.5,1,41.2786,-72.8265
620,"Mexico Tipico Authentic Mexican Restaurant",3,1,41.2457,-73.0309
621,"Acropolis Diner",2.5,1,41.3626,-72.9243
622,"Chipotle Mexican Grill",2.5,1,41.3691,-72.9181
623,"Bistro Basque",4,1,41.2227,-73.0567
624,"P&M Fine Foods",4,1,41.2771,-72.8203
625,"Joey Cal's Deli & Caterting",4.5,1,41.3285,-72.8129
626,"Subway",3,1,41.3345,-72.9764
627,"Marco's Pizzeria",4,1,41.2922,-72.7885
628,"El Barrio Latin Bar & Kitchen",4,1,41.2227,-73.0567
629,"Water's Edge Deli & Catering",4,1,41.2321,-72.9903
630,"The Everyday Gourmet",4,1,41.4043,-72.8992
631,"Genaro's Pizza Restaurant",4.5,NA,41.2584,-72.8478
632,"Mike's Italian Deli & Grill",4.5,1,41.2427,-73.0326
633,"Pepe & Rose Pizzeria And Restaurant",4,1,41.2792,-72.8457
634,"Curry Leaves",4.5,1,41.2284,-73.05
635,"Twin Pines Diner Restaurant",2.5,1,41.2767,-72.8619
636,"Andy's Pizza",2.5,1,41.2708,-72.9599
637,"Odie's Place",4,1,41.4165,-72.9032
638,"Caloroso Eatery & Bar",4,1,41.3156,-73.0945
639,"Olive Garden Italian Restaurant",3,1,41.3551,-72.8723
640,"Pop's Family Restaurant",3.5,1,41.2298,-73.031
641,"Di Matteo's Pizza",3.5,1,41.3699,-72.921
642,"Tong Sing Restaurant",4,1,41.282,-72.9819
643,"Olive Garden Italian Restaurant",2.5,1,41.2592,-73.0118
644,"Valley Diner Restaurant",3,1,41.3121,-73.0552
645,"Lion City Chinese Restaurant",4,1,41.2929,-72.8194
646,"Joey C's Roadhouse BBQ and Tex-Mex",4,1,41.2271,-73.0696
647,"Bar 3 Thirty Three",4,1,41.2243,-73.0717
648,"Great Wall Chinese the Restaurant",3,NA,41.2735,-72.9631
649,"McDonald's",1,1,41.3286,-72.9665
650,"Pizza Palace of West Haven",3.5,1,41.2744,-72.9649
651,"China Wok Chinese Restaurant",3.5,1,41.347,-72.9319
652,"Cracker Barrel Old Country Store",3.5,1,41.2386,-73.0199
653,"Duchess Family Restaurant of Orange",3.5,1,41.2678,-72.9988
654,"Yooki Yama Japanese Restaurant",4,1,41.282,-72.8114
655,"Hidden Kitchen Route 80",4.5,1,41.3399,-72.751
656,"Ruby Tuesday",2.5,1,41.3536,-72.8703
657,"USS Chowder Pot",3,1,41.2999,-72.7654
658,"Pickles Country Store & Deli",4,1,41.2544,-73.0496
659,"Off-Shore Restaurant",3.5,NA,41.2601,-72.9654
660,"Darbar India",4,1,41.2827,-72.8107
661,"Star Pizza",3.5,1,41.3507,-72.932
662,"Citrus Restaurant",3.5,1,41.2216,-73.0577
663,"Billy's Old Fashioned Ice Cream & Marketplace",4.5,1,41.4414,-72.9904
664,"DiBella's Subs",3,1,41.3694,-72.9182
665,"Gutiz Bakery & Cafe",4,1,41.2834,-72.8814
666,"9 East Hibachi & Asian Kitchen",3.5,1,41.2935,-72.7889
667,"Jake's Wayback Burgers",3,1,41.3764,-72.9169
668,"Abate's Pizza",3,1,41.2762,-72.9898
669,"Not Just Bbq",4.5,NA,41.3207,-72.8559
670,"Center Street Social",3,1,41.3155,-73.0952
671,"The Stand Local Farm Market & Canteen",4,1,41.2619,-72.8009
672,"Five Guys Famous Burgers and Fries",3.5,1,41.2575,-73.0108
673,"Bella Villa",3,1,41.2934,-72.959
674,"Taco King",3,1,41.3839,-72.9015
675,"Aroma J's",4.5,1,41.3184,-73.0944
676,"Pho Zaaap",4.5,1,41.3213,-72.8635
677,"Panera Bread",3,1,41.3687,-72.9209
678,"Soco's Bar & Restaurant",1,NA,41.3265,-72.9561
679,"Springbrook Deli",3.5,1,41.2634,-73.0011
680,"Rainbow Gardens Restaurant & Bar",3.5,1,41.2211,-73.06
681,"Good To Go",4.5,NA,41.368,-72.7914
682,"Shoreline Cafe and Catering",3.5,1,41.2846,-72.8096
683,"J Roo's Restaurant",3,1,41.3777,-72.8816
684,"Chaat House",3.5,NA,41.2745,-72.9645
685,"Northford Country Grill",4.5,1,41.3937,-72.7909
686,"Bao's Kitchen",3.5,1,41.2621,-72.9468
687,"B & D Deli Works",4,1,41.4243,-72.906
688,"GG's Wood Fired Pizza",3.5,1,41.2304,-73.0638
689,"Tastebuds Deli and Specialty Foods",4,1,41.3883,-72.8611
690,"Parker. Eatery & Bar",4,1,41.2536,-73.1017
691,"USA 1 Pizza",1.5,NA,41.2747,-72.952
692,"Chick-fil-A North Haven",3.5,1,41.3594,-72.8719
693,"La Scogliera",4,1,41.2892,-73.0773
694,"New China Chinese Restaurant",3,1,41.3006,-72.8922
695,"Dalton's",4,1,41.3422,-72.7482
696,"Firehouse 12",4.5,1,41.304,-72.9246
697,"La Luna Ristorante",3,1,41.2889,-72.8128
698,"The Deli",3,1,41.2656,-72.8698
699,"Waiting Station Rest",3.5,1,41.2824,-72.811
700,"Country Corner Diner",4,1,41.4414,-72.9903
701,"The Riverdale Diner",3.5,1,41.2875,-73.0806
702,"New Haven Pizza Truck",4.5,1,41.3823,-72.8701
703,"Giovanni's Pizzeria & Ristorante",3,1,41.3603,-72.9255
704,"IL Forno Restaurant",3,1,41.2776,-72.8398
705,"Bar Louie",2.5,1,41.2366,-73.0362
706,"Sushi Palace",3,1,41.2528,-73.0163
707,"Moe's Southwest Grill",2.5,NA,41.2466,-73.01
708,"Creme de La Crepe",3.5,NA,41.2823,-72.811
709,"TGI Fridays",2,1,41.373,-72.9163
710,"China Sea",2.5,1,41.2854,-72.9541
711,"Local Kitchen And Beer Bar",3,1,41.2769,-72.837
712,"Porky's Cafe",3.5,1,41.3165,-73.0931
713,"Eddie's Pizza Restaurant",4,1,41.2839,-72.8097
714,"Bobby's Apizza Restaurant",3.5,1,41.3279,-72.7831
715,"Main Street Lunch",3.5,1,41.2778,-72.8184
716,"PoPo's Club Car",5,1,41.2831,-72.8815
717,"Pianca Pizza",3.5,1,41.3426,-72.935
718,"The Winchester Restaurant & Bar",1.5,1,41.339,-72.9819
719,"Duffy's Tavern",4.5,1,41.2651,-72.947
720,"Pacileo's Apizza & Pasta",3,1,41.2716,-72.8197
721,"Benny J's Pizza LLC.",4,NA,41.2777,-72.818
722,"Krauszer's",4.5,1,41.3383,-72.8654
723,"Harbor Street Market",4,1,41.2233,-73.0405
724,"Margaritas Mexican Restaurant",4,1,41.295,-72.7811
725,"Joe Grate's Barbecue",5,NA,41.3548,-72.9285
726,"Five Guys Burgers and Fries",3.5,1,41.276,-72.8373
727,"Seeley's Deli",4.5,1,41.2304,-73.0659
728,"Michael Anthony's Pizza & Pasta",3.5,1,41.2242,-73.0359
729,"Chen's Kitchen",2.5,1,41.3272,-72.9592
730,"Olive Tree",4,1,41.217,-73.0675
731,"Z's Corner Cafe",5,NA,41.2695,-72.9486
732,"Boston Market",3,1,41.2862,-72.8805
733,"Tengda Asian Bistro & Hibachi",3,1,41.2484,-73.0258
734,"Playwright Irish Pub Banquet Room",5,NA,41.3457,-72.9126
735,"LoMonaco's Ristorante Italiano",4,NA,41.2756,-72.8334
736,"Whitney Center",4,NA,41.3494,-72.9215
737,"The Plate",3.5,1,41.2252,-73.0292
738,"Full Circle Pizza",4,1,41.2597,-72.9657
739,"Billy D's Full Belly Deli",4.5,1,41.312,-73.0966
740,"Los Cabos Snacks and Go",4,NA,41.2232,-73.057
741,"Donde El Paisa",4.5,NA,41.322,-72.8607
742,"Sandwich Board",3,1,41.3714,-72.9064
743,"Parthenon Diner-Restaurant",3,1,41.2957,-72.7818
744,"World Of Beer",2.5,1,41.2358,-73.0349
745,"Dragon Garden III",4,1,41.2234,-73.0499
746,"JD Latin Foods",5,1,41.2724,-72.9492
747,"Bertucci's Italian Restaurant",3,1,41.2522,-73.0186
748,"Orange Ale House",3,1,41.2536,-73.018
749,"Stonebridge Restaurant",3,1,41.223,-73.0559
750,"Bonesse Apizza",4,1,41.3373,-72.8672
751,"McDonald's",1,NA,41.3219,-72.8783
752,"Eli's Tavern",3.5,1,41.223,-73.0564
753,"Greek Spot Cafe And Grill",4.5,1,41.2018,-73.0646
754,"Jeffrey's",3,1,41.2246,-73.0334
755,"The Breakfast Nook",4,1,41.4125,-72.8412
756,"Bud's Fish Market",4,1,41.261,-72.8003
757,"Mangos Churrasqueriera",5,NA,41.2688,-72.8723
758,"Gigi's Bakery Pizza Restaurant & Italian Deli",5,1,41.2796,-72.9558
759,"Chipotle Mexican Grill",3,1,41.2712,-72.9727
760,"Amici's Restaurant",3.5,1,41.3182,-73.0947
761,"Stony Creek Market",3.5,1,41.2814,-72.7995
762,"Casa Nova Ristorante",4,1,41.2619,-73.0957
763,"Antonio's Rt 5 Sub Shop",4.5,1,41.4164,-72.8406
764,"Domenic's Apizza",3.5,1,41.2359,-72.9867
765,"Archie Moore's Bar & Restaurant",3.5,1,41.3199,-73.089
766,"Colony Grill",3.5,1,41.2215,-73.0566
767,"China Star",3,1,41.2769,-72.8698
768,"Antonio's Italian Style Pizza",4,1,41.3137,-73.096
769,"Allegra's",3,1,41.2763,-72.8536
770,"Quinnipiack Club",4,1,41.3088,-72.923
771,"Roseland Apizza",4,1,41.3315,-73.1029
772,"Subway",4,NA,41.2769,-72.869
773,"Twisted Vine Restaurant",3.5,1,41.3197,-73.0895
774,"Little Caesars Pizza",4,1,41.3466,-72.9336
775,"Athenian Diner III",3,1,41.2331,-73.0443
776,"Dairy Queen",2.5,1,41.3716,-72.9056
777,"Kampai Japanese Restaurant",3.5,1,41.276,-72.8359
778,"Scratch Baking",4.5,1,41.2239,-73.0576
779,"SBC Restaurant and Brewery",3,1,41.2225,-73.0563
780,"Sorrento's Restaurant & Pizzeria",2.5,1,41.3718,-72.9076
781,"Depalma's Apizza",3.5,1,41.2821,-72.8778
782,"Biagio's Osteria",4,1,41.2439,-73.1012
783,"Thimbleberry",3.5,1,41.265,-72.7516
784,"Giovanni's",3.5,1,41.3907,-72.7923
785,"South Side Thai Restaurant",4.5,1,41.4418,-72.8313
786,"Gagliardis Italian Restaurant",3.5,1,41.4154,-72.8622
787,"Quiznos",4,1,41.2675,-73.0009
788,"Golden Chopsticks",3,1,41.3765,-72.9169
789,"Thaisab Restaurant",4.5,NA,41.4086,-72.8447
790,"Post Road News & Deli",4.5,1,41.2322,-73.0508
791,"Deep River Smokehouse",5,NA,41.3042,-72.771
792,"TGI Fridays",2,1,41.2617,-73.0062
793,"Harbor Street Market",4,1,41.2716,-72.8197
794,"IHOP",3,1,41.3768,-72.9155
795,"The Eatery",4.5,1,41.4555,-72.825
796,"Minervini's Pizza",3.5,1,41.277,-72.8699
797,"Lamonaco's Pizza & Pasta",4,NA,41.3802,-72.8136
798,"DePuma's Gluten Free Pasta",5,NA,41.353,-72.8617
799,"Domino's Pizza",2,1,41.2825,-72.9814
800,"Denny's",2.5,1,41.2713,-72.9744
801,"Louise's Homemade Food & Baked Goods",2.5,1,41.2356,-72.9876
802,"Taqueria Mexico",4,1,41.4368,-72.8335
803,"Leon's",3,1,41.4064,-72.8451
804,"DiBella's Subs",3.5,1,41.242,-73.0324
805,"Monty's River Grille",3.5,1,41.274,-73.0788
806,"Jimmy's Apizza",4,1,41.2229,-73.0432
807,"Lucky Kitchen",5,NA,41.2606,-72.9462
808,"Sergio's Pizza & Restaurant",4,1,41.4337,-72.9084
809,"Marco Pizzeria",3,1,41.3114,-73.0519
810,"Zaika Indian Cuisine",4,1,41.4185,-72.8403
811,"The Fan Sports Bar & Restaurant",3.5,1,41.339,-72.9819
812,"Carrabba's Italian Grill",3,1,41.2358,-73.0349
813,"Moe's Southwest Grill",3,1,41.3702,-72.9218
814,"Marino's Deli",3.5,1,41.2733,-72.9379
815,"Archie Moore's Bar & Restaurant",3,1,41.2218,-73.0563
816,"Athena Diner II",3,1,41.4044,-72.8468
817,"In & Out Market / Dada Deli / Mobile Gas Station",3,NA,41.3397,-72.8629
818,"Scotty's Breakfast Connections",3.5,1,41.2839,-72.8101
819,"Outback Steakhouse",2.5,1,41.4078,-72.8459
820,"I-95 Milford SB  Service Plaza",3.5,1,41.2472,-73.009
821,"56 Diner",2.5,1,41.2972,-72.7644
822,"Melissa's",4.5,1,41.2271,-73.0264
823,"Roma Pizzeria",4.5,1,41.3411,-73.0903
824,"Shanghai Gourmet",4,1,41.2536,-73.018
825,"Pizza Hut",2.5,1,41.2742,-72.967
826,"Europol Deli & Gifts",5,1,41.3413,-73.0779
827,"Beijing Restaurant",4,1,41.3038,-72.965
828,"Sing's Kitchen",2.5,1,41.2597,-72.9657
829,"KFC",2,1,41.3199,-72.87
830,"Mr Kold Kuts",4,1,41.254,-73.0175
831,"Brother's Deli & Pizzeria",4,1,41.2966,-72.7806
832,"Red Lobster",3,1,41.3538,-72.8727
833,"The Bar",4,1,41.4087,-72.8448
834,"Honeyspot Pizza 3",2.5,1,41.2786,-72.8252
835,"Marisa's Deli",3.5,1,41.2885,-73.0785
836,"Shoreline Deli",3.5,1,41.2846,-72.8096
837,"Miyadi Sushi Japanese Restaurant",4,NA,41.3391,-72.982
838,"Cafe Atlantique",4,1,41.2228,-73.0568
839,"Blessings II Go",3,1,41.3907,-72.8989
840,"Cheeseboy",4,1,41.2226,-73.046
841,"Bobette's Takeout",4.5,1,41.2167,-73.0756
842,"Sushi Maki",3.5,1,41.3852,-72.901
843,"Guiseppe's Apizza",5,NA,41.3217,-72.8607
844,"Capone's Pizza Bar",4,1,41.2898,-72.7984
845,"Luigi's Apizza",3.5,1,41.405,-72.8477
846,"La Cuisine Cafe, Market, And Catering",4,1,41.3073,-72.7536
847,"Moe's Southwest Grill",2,1,41.2735,-72.8317
848,"Born In America Restaurant and Pizza Kitchen",3,1,41.2929,-72.8194
849,"Focaccia's Café & Catery",4,1,41.2766,-73.1222
850,"Hunan Pan",4,1,41.3009,-73.1043
851,"Dante's Restaurant & Bar",4,1,41.2536,-73.1017
852,"China Chef",3,1,41.3667,-72.9206
853,"Riccio's Redwood Grille",3.5,1,41.4359,-72.8507
854,"McDonalds",1,1,41.2893,-72.9582
855,"Karaoke Heroes",3.5,1,41.3054,-72.9289
856,"China One",2,1,41.2807,-72.8758
857,"Whitney Garden",3.5,1,41.3851,-72.9009
858,"Il Palio Ristorante",4,1,41.2776,-73.1287
859,"Moe's Restaurant",4,NA,41.3688,-72.9206
860,"Alberto's",4,1,41.3613,-73.0945
861,"Polonez Deli",4.5,1,41.2906,-73.0759
862,"J Christians",4,1,41.4545,-72.8178
863,"Giaquinto's Deli & Catering",4,1,41.2723,-72.9495
864,"Tomato & Company",3.5,1,41.246,-73.0271
865,"Harry's Sports Grill",2.5,1,41.4009,-72.8515
866,"The Meeting Place",3,1,41.3677,-73.0887
867,"Pagoda Chinese Restaurant",3.5,1,41.3888,-72.8608
868,"Sun-Rise Grill",2.5,NA,41.2652,-72.9477
869,"Roadside Grill - Route 34",4,1,41.3091,-73.0743
870,"River Street Restaurant",3.5,1,41.2254,-73.0569
871,"Knuckleheads",4,1,41.4562,-72.8225
872,"Number One Chinese Restaurant",2.5,NA,41.3209,-72.8657
873,"Aunt Chilada's",2,1,41.4367,-72.9083
874,"Guacamole's Mexican Cuisine",4,1,41.2612,-72.8006
875,"Paulie B's Pizza Wagon",5,NA,41.3536,-72.8488
876,"Sam's Dockside",4.5,NA,41.2642,-72.8045
877,"River's Edge Café and Bakery",3.5,1,41.2439,-73.1012
878,"Lynn's Deli",3.5,1,41.2927,-72.7886
879,"Gulf Greek Pizza",3.5,1,41.2232,-73.0499
880,"Chipotle Mexican Grill",2.5,1,41.2387,-73.0358
