rid,uid,rating
sandras-next-generation-new-haven,OXghw-vVeN2zdHQS4rgxpA,5.0
sandras-next-generation-new-haven,JMpsaF8Gqy4UvDX3IIHFdA,4.0
sandras-next-generation-new-haven,6wGjjZkbAhcPnorLeh6INg,4.0
sandras-next-generation-new-haven,bnSGkl3tT6nXjuPmDP5lXw,4.0
sandras-next-generation-new-haven,4vLImOqJoeHyPzk8MlWHRw,5.0
sandras-next-generation-new-haven,8FDeCOicvjKbzTytSldIBg,5.0
sandras-next-generation-new-haven,u-rO_1IR1d4xibcYHA4zTg,5.0
sandras-next-generation-new-haven,4xCOziwRynfWt06xp0v6UQ,5.0
sandras-next-generation-new-haven,X7Sqv9nL7X-xDJDSb5ckzA,3.0
sandras-next-generation-new-haven,c78V-rj8NQcQjOI8KP3UEA,5.0
sandras-next-generation-new-haven,H7izxoghB-RSG8HkkNNRbQ,5.0
sandras-next-generation-new-haven,dzXeeCDAZIrF0uVH4cSiSw,4.0
sandras-next-generation-new-haven,j9IwA4W65qRI_oJW-c-0Wg,4.0
sandras-next-generation-new-haven,6jS6HA69mpZaWE_65Q9zGA,5.0
sandras-next-generation-new-haven,sFxl5GB7mXI-NeeIlqbX8A,4.0
sandras-next-generation-new-haven,dP2nr-zMhaFH39JwsQHPGQ,5.0
sandras-next-generation-new-haven,lD5wUfqYf2v62NnS9TOSyA,4.0
sandras-next-generation-new-haven,oeCIKc5BJYL5a7EpfCVa0g,4.0
sandras-next-generation-new-haven,LNEy3W0CQtf-d3oM7gBtdA,5.0
sandras-next-generation-new-haven,MSEFVrDupb-VMi0lVPSZZg,5.0
sandras-next-generation-new-haven,tpVrgJu5J9GcthVCtfgPkA,5.0
sandras-next-generation-new-haven,LVE3bOTviXjgIJE9lMD8dA,4.0
sandras-next-generation-new-haven,4r6nG2VnyCpHkG2KFWjxig,5.0
sandras-next-generation-new-haven,x0hhQu76xa8jiz-SRbk-kQ,5.0
sandras-next-generation-new-haven,39DriHPIjy8ckbhD-Fi0Aw,5.0
sandras-next-generation-new-haven,G_YTZENmNvgGYkJ2_2hjJQ,3.0
sandras-next-generation-new-haven,MRO6Ik6sQ5d34-WqqLZ7uA,4.0
sandras-next-generation-new-haven,t9hGJDuRszAaBOjo9ORkqA,5.0
sandras-next-generation-new-haven,Le3_OwhCfs8ZYbPiCOpopw,3.0
sandras-next-generation-new-haven,hinnS-sGTZd98zZbx515Ag,3.0
sandras-next-generation-new-haven,4jS9BpL3091nv96Mv_01fA,5.0
sandras-next-generation-new-haven,FCn19FmqwufTOO7adVgNgA,5.0
sandras-next-generation-new-haven,DgueWAljaqLs8y9-FbbdKA,5.0
sandras-next-generation-new-haven,VYPjyQxk0hRhf4xlubFN0Q,4.0
sandras-next-generation-new-haven,g-ygenHVN-hWt2ogMHgXwA,4.0
sandras-next-generation-new-haven,Zqmh6Ayeex1Fd1pYHDxr4g,5.0
sandras-next-generation-new-haven,MfSeihxZB3sJryFm4Nym7w,5.0
sandras-next-generation-new-haven,OKSn4mjZ7xVOh7pe-uDGaA,5.0
sandras-next-generation-new-haven,8-sKbfMx5o_du5Hls4RRlQ,5.0
sandras-next-generation-new-haven,9bvlW5Gos1kxzvcM3c-12w,5.0
sandras-next-generation-new-haven,XQBhzqSNuDccieNLvXnQog,5.0
sandras-next-generation-new-haven,3YpnHK8AQbu4ulyEeIRNYQ,5.0
sandras-next-generation-new-haven,zChui6hY-mQeZGAde9deDw,4.0
sandras-next-generation-new-haven,clLjkEOPtYRA1mkNuLow2A,5.0
sandras-next-generation-new-haven,wlUQaIckHG1PVd8ct_qpNQ,5.0
sandras-next-generation-new-haven,RHN-e1XwWjdbdsUUnVSi_Q,2.0
sandras-next-generation-new-haven,FWst3bwhQIEF9K8rWvc4YQ,5.0
sandras-next-generation-new-haven,L0IBmSMZwmJsnw0SrcFx9g,5.0
sandras-next-generation-new-haven,vtuQFLfh2LMZL2T9P2PSKg,5.0
sandras-next-generation-new-haven,wEol5JZ9wbqkpeDK3iwQbA,5.0
sandras-next-generation-new-haven,i8V9xjGRPLjl-Tykom6__A,5.0
sandras-next-generation-new-haven,djil9WbEdcOfh-dZiyDHxA,5.0
sandras-next-generation-new-haven,4z5jrNSoSEt-u_ofbuUL2w,5.0
sandras-next-generation-new-haven,W9lj_1cMLldWEPUdjGZqLQ,5.0
sandras-next-generation-new-haven,SGTolDutDwidybWqOPCkIA,2.0
sandras-next-generation-new-haven,640zymdIC65uoQ3dyvdO6A,5.0
sandras-next-generation-new-haven,0-6PSriU8kJiIrOP7iPelQ,5.0
sandras-next-generation-new-haven,-pbOWdSUCrRHikNsQrDzzg,5.0
sandras-next-generation-new-haven,nFhFzX823L6AOT1SoAXppQ,5.0
sandras-next-generation-new-haven,6MYYMszcDg7pIjaqZ65s_A,5.0
sandras-next-generation-new-haven,sSIhjMtwiTrptHqbEve1Lw,5.0
sandras-next-generation-new-haven,Od5ierSvnTp5O_tGxtKJCA,3.0
sandras-next-generation-new-haven,7vNj4JeYR73EPDlYzZfgMQ,5.0
sandras-next-generation-new-haven,B2py50Efm0WVTvXmqZDTzw,5.0
sandras-next-generation-new-haven,lFlgakS7fsE3y0zSTMoQjw,5.0
sandras-next-generation-new-haven,wcSaDRCr50PnUzpO7mjtgA,5.0
sandras-next-generation-new-haven,9P0ge7g5NqQyIo_QEYuy6w,5.0
sandras-next-generation-new-haven,ROlFwIYm0T7xAVLG3Ckpww,5.0
sandras-next-generation-new-haven,bXHiLQ616hlNzfVyOxvHrQ,4.0
sandras-next-generation-new-haven,FCBcBz4xHWamyfboesXsYA,5.0
sandras-next-generation-new-haven,dBdpVwtueEVB5dpWlVzGiQ,5.0
sandras-next-generation-new-haven,lGGIL-BD97Mxwj9EHohztA,4.0
sandras-next-generation-new-haven,Bc2VYOjdQYJG3wGYJqwasg,5.0
sandras-next-generation-new-haven,NXIH90QLjldggHMDWEEqPA,5.0
sandras-next-generation-new-haven,NuIgNf7rSABI6RRZIh0kPQ,5.0
sandras-next-generation-new-haven,x_HxuIirb2JovYtBE9QzpQ,5.0
sandras-next-generation-new-haven,rJ3pumbOPij3TDdyuHbFkA,5.0
sandras-next-generation-new-haven,ItnKqVdDSNETyvaGu466ww,5.0
sandras-next-generation-new-haven,7S4J5Rt22xGFy_K6TCgoWg,5.0
sandras-next-generation-new-haven,b6u5F_oHPhYHG_HAizJRvQ,4.0
sandras-next-generation-new-haven,a_zzCKUBmh2VZyUdR4fGkQ,5.0
sandras-next-generation-new-haven,29G23Y-FUQsjhgRFVJoGZw,5.0
sandras-next-generation-new-haven,Izb9BdIRYJzNiylaiaY6rA,4.0
sandras-next-generation-new-haven,8D3dIpyCw_5w5Fpm41p2WQ,1.0
sandras-next-generation-new-haven,7KnAOLPFvLjfa0yU0a2-qQ,5.0
sandras-next-generation-new-haven,c_l95U6BTdHyMkm-bHW7Ag,5.0
sandras-next-generation-new-haven,h_a8C32iqMbCPLsYfkIY8Q,4.0
sandras-next-generation-new-haven,-_Ph_Y9mJWNdKqArDxp0lQ,5.0
sandras-next-generation-new-haven,znYAPYFnWsawIbayAuGJeQ,5.0
sandras-next-generation-new-haven,tju94VCJo4FpOUnSH7bx1w,5.0
sandras-next-generation-new-haven,ud_Gm7NBhCjM_fP8Q7EDgA,5.0
sandras-next-generation-new-haven,b4aNqZuU_tgd3Fbnv7CnmA,5.0
sandras-next-generation-new-haven,1IShaKMCWmngq4RwqQPO5w,5.0
sandras-next-generation-new-haven,yqS31E3F3EhU1DzTCUWh1g,4.0
sandras-next-generation-new-haven,pqKJeS-3ZcUNkZyNP83jcg,5.0
sandras-next-generation-new-haven,gtGTl0r6yqYnS4I_l2MZBA,5.0
sandras-next-generation-new-haven,Zcs1n2Kn4GtOY0SqjDppZA,4.0
sandras-next-generation-new-haven,RTDlc2W4UFrJ4wfZAl5xmQ,5.0
sandras-next-generation-new-haven,EO73y_Xj0X1Sd8VitAZvyA,1.0
sandras-next-generation-new-haven,cYRLLRBEp2tjzAtKRLqnRw,4.0
august-new-haven-3,gKRObL4Ec1PDWGr_X0ibiQ,5.0
august-new-haven-3,rCTch_d6tieSpABAH-x50g,4.0
august-new-haven-3,qsHzI829rRUhQ_pCyqgfpA,5.0
august-new-haven-3,Ee7Ir5wB6mO3J8EafCKybg,4.0
august-new-haven-3,7AU-PWNQ4oz_cnU5FvZq_w,5.0
august-new-haven-3,Zo6L1uwCDFH4rPe-scnVGg,5.0
august-new-haven-3,6lAixi-sxfvJgxXibnOx2w,5.0
august-new-haven-3,ypOkmdi7ldmzh6lyplQTyA,5.0
august-new-haven-3,ZsfYy1RTtL5HDDYppp0uhA,5.0
august-new-haven-3,ki62Gxu6J8rgLyKZTPyffQ,5.0
august-new-haven-3,XrlYaTPoZTpi-iluryFNcg,5.0
august-new-haven-3,JsP3FcvZanY1fwzi-lyECA,5.0
august-new-haven-3,fVQZsOQy1p1BthYu9TaVFg,5.0
august-new-haven-3,zWCCqajK9iVftpjrIVAwMw,5.0
august-new-haven-3,CiRktb4XmeJK-N1cLokLFA,5.0
august-new-haven-3,3W9EDMJNfla-9Lpa0elwRQ,5.0
august-new-haven-3,AVD9A5el-RRS8CEwxmmo_Q,5.0
august-new-haven-3,PZ2PQDnPvj67i6U0K3DvWw,5.0
august-new-haven-3,lkhB-QT-wQq5dFr705Oi0A,5.0
august-new-haven-3,9aZBAsiaMtunaz6hD_8U7A,5.0
august-new-haven-3,-h7f0PT6PqGda36Y62uvuw,5.0
august-new-haven-3,QdhGaYrzNIVDt9_538QROg,3.0
august-new-haven-3,aOo-6pywVh3bFJqjOWCVjw,3.0
august-new-haven-3,BqiSzqjDhfA_bGEQjBpGQg,5.0
august-new-haven-3,rVcf7WmwLeH20-wnr8y8Tw,4.0
august-new-haven-3,Yb_QnILIGskGKkQ82pRhxQ,5.0
august-new-haven-3,rOgpczR9it1ux8__yvo5dw,5.0
august-new-haven-3,oXp0KYtT6qARxggumUFtPg,5.0
august-new-haven-3,Udly52eK1AcmWUVdemKFqg,5.0
august-new-haven-3,8lfGrraTOs1gPB9D4PidCw,5.0
august-new-haven-3,3NBRxhitpdC2P6dGjI-5Lw,1.0
august-new-haven-3,IgoJgvHuvwvyyxKmlcDvIQ,5.0
august-new-haven-3,lOWYHoH9-0i5hECcODkZTg,4.0
august-new-haven-3,c0gWMTia4B4Z-jJk3pNRPA,5.0
august-new-haven-3,reCQHQWnl31ggUx7-8k0Wg,5.0
august-new-haven-3,9qSNf8YBfA2Vdt_ikm1nkw,5.0
august-new-haven-3,KLF6SeSPyqJzj434FQtatw,5.0
august-new-haven-3,WA9fjdFYyWon5ecMRUrJRg,5.0
august-new-haven-3,m_atE5-LI50Il2Gu9l1x2g,5.0
august-new-haven-3,vVYYrc3KsL_2yEcNX5-GNA,5.0
august-new-haven-3,lJFVyTqQ94HCODdyz5VR9Q,3.0
august-new-haven-3,R0tylnA4vH0m5wpauIJ-_g,5.0
august-new-haven-3,KTVdi_7w9ulEFvdXk8A4-g,5.0
august-new-haven-3,0k1t63SSerK6zM_EOPfBdA,5.0
august-new-haven-3,_73qw3jzgEiHXYNxCqMS9A,5.0
august-new-haven-3,meyqqUbxMGt9mT5OZQX2iA,5.0
august-new-haven-3,czYItnkPzW94RQA5RpU7Kg,5.0
august-new-haven-3,R-UFqItV5URwqlbH9dAc-w,5.0
august-new-haven-3,YWyH1AlRe0KItvnQB6RDFQ,5.0
august-new-haven-3,iJBbHPFjQyQXAhxtxBCh2Q,5.0
august-new-haven-3,gyDHwy25TRvxCDyT_n-3lw,5.0
august-new-haven-3,-6rHAQD7cuWVAVPE1ClIOw,4.0
august-new-haven-3,6XaYUdM7bsEZUkP9BXEHhQ,3.0
august-new-haven-3,j3pVBjxNlwz72QPiSgJ2PQ,4.0
august-new-haven-3,XWIt6xpdahpDND5uTg2iVQ,5.0
august-new-haven-3,NrSYQ7o7pAptD8Tjwspvnw,5.0
august-new-haven-3,_SRHHcqbMWwum2QgGW5eew,5.0
august-new-haven-3,ULG0O72v_tjKvKFAgdMoaA,2.0
august-new-haven-3,J4oFgnoIhuXRDFSLyHQWsw,4.0
august-new-haven-3,Kp4anTvL9Ym8F6dAmaCD9A,5.0
august-new-haven-3,Z03gcDb1bVT2K_lJY-54EQ,5.0
august-new-haven-3,wJeCuIoX53QDFlJr1artww,5.0
august-new-haven-3,7s6vuyAx5hPvABv70demJw,4.0
august-new-haven-3,Rf6aiS-w3kNCA5UWjI1ojg,5.0
august-new-haven-3,H8htDXto8LMgvo8bRLvxog,2.0
august-new-haven-3,gcZywmhd5sii-H3AYZSj2Q,4.0
august-new-haven-3,DH9TJ2r6i9sjZaAz13eijA,5.0
august-new-haven-3,d1yHXwZv3okklIOaeowmcg,5.0
august-new-haven-3,d0hVLx45fmlUI-4YtKqC6A,5.0
august-new-haven-3,AsEW9U809_h4p-5_Bgw-oA,4.0
august-new-haven-3,88rzFDUyIYkgzM4so1l4DQ,5.0
august-new-haven-3,qjQU2N2a80QPBePERF4h-A,5.0
august-new-haven-3,VtpaNSeVUTJCz0QcZUkNKg,5.0
august-new-haven-3,VEgMc0Jat_HMTrnQ3ZWnEw,4.0
august-new-haven-3,W-d0SujB_JY5HNaRxXdjFA,5.0
august-new-haven-3,8rxPUGWWBUYFpaPLBga24A,5.0
august-new-haven-3,aLC6Jm4ldnz7T22LpuOFlQ,5.0
august-new-haven-3,nMtafhBNI-I5roTAj6T6tA,5.0
august-new-haven-3,Nb8_Ggk3mnoGgO0n2hYmgA,2.0
august-new-haven-3,XyDl4tc9KgS-AHNxxUiJHA,5.0
august-new-haven-3,jGsSeW0BtqCzRIsED0WskA,5.0
august-new-haven-3,JqLsBrMwnWXLNsiXfCGfvw,5.0
august-new-haven-3,XVH7L4xaPa9WfaJlyMZVug,5.0
august-new-haven-3,cEl0Ff08ujITYCrV650V6g,5.0
august-new-haven-3,lm--2Ah7jG4RJtz0m07T2g,5.0
august-new-haven-3,dFbwV0LSX8pkEInp3d_ajg,5.0
august-new-haven-3,D_cgjLo5E19_6244Fjlvpg,5.0
august-new-haven-3,pSLDGfxnvzfBQsw98TTcRQ,5.0
august-new-haven-3,MM2C5qvgb6xH47BxtfQW3w,5.0
august-new-haven-3,D-l7rhmxpvqlauOImXEBlw,5.0
august-new-haven-3,GZlgdd-gV6MT4Z_T2TthGA,5.0
pitaziki-mediterranean-grill-new-haven,Xpk4Lj99kxRv-cEz__N6qw,5.0
pitaziki-mediterranean-grill-new-haven,3ASJwqI9mKo6kw7CEdqYow,5.0
pitaziki-mediterranean-grill-new-haven,G_ewrDXcU0hXovihr2G5og,5.0
pitaziki-mediterranean-grill-new-haven,CmWwqfuSqrdQJZJTKK8cGg,5.0
pitaziki-mediterranean-grill-new-haven,FBAn7Ep6qpFLCIjYS29pvg,5.0
pitaziki-mediterranean-grill-new-haven,oeCIKc5BJYL5a7EpfCVa0g,2.0
pitaziki-mediterranean-grill-new-haven,Qb1k5TNXvh_JNLE1p75nUA,3.0
pitaziki-mediterranean-grill-new-haven,edCSghKSdBywxRyFySdvOw,5.0
pitaziki-mediterranean-grill-new-haven,wwfoZk9dDOSpcMAmPBSvYg,4.0
pitaziki-mediterranean-grill-new-haven,M6bvgVUkyNBgrc7XKzRXqA,5.0
pitaziki-mediterranean-grill-new-haven,BeiZYoULdJv9-fZ5ZvukYA,5.0
pitaziki-mediterranean-grill-new-haven,kWcRh6-lRhxMHa97K8sbQg,5.0
pitaziki-mediterranean-grill-new-haven,b4bTb4D4-2V1BU6qarzpQw,5.0
pitaziki-mediterranean-grill-new-haven,eah3yMykSkNUZ93KuDnxYw,4.0
pitaziki-mediterranean-grill-new-haven,IyOWm9_dod0UiXRzPdgaew,5.0
pitaziki-mediterranean-grill-new-haven,Y1LcjGy6oiBmlCzm717QSA,5.0
pitaziki-mediterranean-grill-new-haven,igQZEzMUCSQz3jhoIG_a0Q,5.0
pitaziki-mediterranean-grill-new-haven,CSa9CnMNJzrP2KSpl3MqIA,1.0
pitaziki-mediterranean-grill-new-haven,jerm1I9XEDhwyr-pFxtYvQ,5.0
pitaziki-mediterranean-grill-new-haven,DPcyPKu958q1fSz1BmtMpA,5.0
pitaziki-mediterranean-grill-new-haven,LXoudyC0Imcw6ThovE8-8w,4.0
pitaziki-mediterranean-grill-new-haven,CCofq3qpvTCbVAuu9eUp6g,5.0
pitaziki-mediterranean-grill-new-haven,VqQuU8Ccu43KZvlI5eaNaA,5.0
pitaziki-mediterranean-grill-new-haven,zt8g-2f_Nzyvji2WUFSLsQ,5.0
pitaziki-mediterranean-grill-new-haven,GKXOc9JFx9oBYKFB34uc3A,5.0
pitaziki-mediterranean-grill-new-haven,DujBrTJ0Nlo5BkH-x7OMhQ,5.0
pitaziki-mediterranean-grill-new-haven,ElDfk_42hMdjU_weLWRKtA,5.0
pitaziki-mediterranean-grill-new-haven,or3j--AxibHY95ymtSKSIA,5.0
pitaziki-mediterranean-grill-new-haven,tMYF6UUk1d-dNimBsAAJXQ,5.0
pitaziki-mediterranean-grill-new-haven,kC8cUxi3mZWHkAKeP_yW2Q,5.0
pitaziki-mediterranean-grill-new-haven,bJjWW27uDs6nniEDX7PiIg,5.0
pitaziki-mediterranean-grill-new-haven,8hI1AswhcdmaVcRRPDMYaw,5.0
pitaziki-mediterranean-grill-new-haven,XjE57AEenHamUhCfhPezew,5.0
pitaziki-mediterranean-grill-new-haven,8hrYMGbOmcWHpL4J7RIzOw,3.0
pitaziki-mediterranean-grill-new-haven,5wUZvh2dnSFGecTkC31blg,5.0
pitaziki-mediterranean-grill-new-haven,WsQbWS_7_5SAxbWwurz-Mw,4.0
pitaziki-mediterranean-grill-new-haven,T7_JPYvPKDYta9d-MZ1MvA,4.0
pitaziki-mediterranean-grill-new-haven,wZPizeBxMAyOSl0M0zuCjg,4.0
pitaziki-mediterranean-grill-new-haven,vidKjrk3jxhJoLKicguKEQ,5.0
pitaziki-mediterranean-grill-new-haven,CGRkejdGiNtvX-lhcOFUZQ,4.0
pitaziki-mediterranean-grill-new-haven,aNcLEvZGGL3lwiF1Q693yw,5.0
pitaziki-mediterranean-grill-new-haven,V7QWSlKKSDgNeTTFPA4Rdw,5.0
pitaziki-mediterranean-grill-new-haven,CzB8o7h-TVGSwreJWCTMdg,5.0
pitaziki-mediterranean-grill-new-haven,7bzJfvwC3qLl49dgJ5JtFg,5.0
pitaziki-mediterranean-grill-new-haven,G5xPc55HjAaII0CpxJa9kA,5.0
pitaziki-mediterranean-grill-new-haven,KDQI84uyNULKOrNXlHKrvA,4.0
pitaziki-mediterranean-grill-new-haven,eXKed5Srvgzrtv6KtMDiQg,5.0
pitaziki-mediterranean-grill-new-haven,wrCNjIKPth6wml_70xH_tA,5.0
pitaziki-mediterranean-grill-new-haven,1Gf30PziYPAvq27prX32Ew,5.0
pitaziki-mediterranean-grill-new-haven,nd7nBs3aAe7K1T4eteO12A,5.0
pitaziki-mediterranean-grill-new-haven,zWCCqajK9iVftpjrIVAwMw,3.0
pitaziki-mediterranean-grill-new-haven,f4pL2UqlIr35T6S5cXUIdw,5.0
pitaziki-mediterranean-grill-new-haven,M3j6MCq03B7O2QMkWk4cnA,3.0
pitaziki-mediterranean-grill-new-haven,So75wvhhw8LOvkALbQvNKA,4.0
pitaziki-mediterranean-grill-new-haven,oXp0KYtT6qARxggumUFtPg,4.0
pitaziki-mediterranean-grill-new-haven,PAgjsdqMLTlmZaZu9n7GSg,4.0
pitaziki-mediterranean-grill-new-haven,eQfcEPATq2CyBgzWjDEyXg,5.0
pitaziki-mediterranean-grill-new-haven,_fPEQN-NGK1urWcC9xeuXQ,5.0
pitaziki-mediterranean-grill-new-haven,ufiM3tE_cI7gAQYJSNrBTQ,5.0
pitaziki-mediterranean-grill-new-haven,0R4EQE0khRTivoO0bufwHw,5.0
pitaziki-mediterranean-grill-new-haven,WFhabS9_dyQ-cpUWSnWHVQ,5.0
pitaziki-mediterranean-grill-new-haven,KRTbEWkG16Q5-4keUULRJg,5.0
pitaziki-mediterranean-grill-new-haven,bX2CJ5ZzxA9KWF9O4uGUtg,5.0
pitaziki-mediterranean-grill-new-haven,oiBo6hVUfn6h5kG3E7rEbQ,5.0
pitaziki-mediterranean-grill-new-haven,AeGXDcC1tACtpQ0JGRjkGg,5.0
pitaziki-mediterranean-grill-new-haven,tA_TW2LNIyawJj7Z4V8Giw,5.0
pitaziki-mediterranean-grill-new-haven,MVb1mTduJe2MJb7RCj0ktA,5.0
pitaziki-mediterranean-grill-new-haven,iAgzc2f0NmabJvMTncoB-A,5.0
pitaziki-mediterranean-grill-new-haven,bN_L3SfLeAodIGusKT6XkA,4.0
pitaziki-mediterranean-grill-new-haven,PaE4PpZhlQIYaWLtulZ6BA,5.0
pitaziki-mediterranean-grill-new-haven,SvpGWNUqRspr2raWGw9fkA,5.0
pitaziki-mediterranean-grill-new-haven,CSVBWd3SOKMpFQcpgvCpWw,5.0
pitaziki-mediterranean-grill-new-haven,kVCu_HvoMT8pdbYFPTJqRA,5.0
pitaziki-mediterranean-grill-new-haven,DgIOMgRjlGETAXTaawHHDA,5.0
pitaziki-mediterranean-grill-new-haven,RVx4oAvDpD1KWQQacNiO0g,3.0
pitaziki-mediterranean-grill-new-haven,gyydZXT1ZYRgV0vkY_I-xg,5.0
pitaziki-mediterranean-grill-new-haven,VihQTiyBy3u8ZTbhBVIRSw,5.0
pitaziki-mediterranean-grill-new-haven,4jS9BpL3091nv96Mv_01fA,4.0
pitaziki-mediterranean-grill-new-haven,qpIaco4wXnHqG9oVNh8XRA,5.0
pitaziki-mediterranean-grill-new-haven,16HfnEmgASYf1OaH8Oe7Hg,5.0
pitaziki-mediterranean-grill-new-haven,KTopx2flPDGJ_srdJTHIFw,5.0
pitaziki-mediterranean-grill-new-haven,7vS94W9odDO6LLQIr_oqhw,5.0
pitaziki-mediterranean-grill-new-haven,xWrDuqvrk86Cv54wU4TjcA,4.0
pitaziki-mediterranean-grill-new-haven,uHOuqfKraHKdonSIXh3evA,5.0
pitaziki-mediterranean-grill-new-haven,we-Jo4XfLU2-93rO1itGLg,5.0
pitaziki-mediterranean-grill-new-haven,SFNTctsiX4EABPfuk9xB7Q,3.0
pitaziki-mediterranean-grill-new-haven,iv_QXg5Zqlw72hqS-le6Bw,5.0
pitaziki-mediterranean-grill-new-haven,eOFsQTbuaNjRHNzCJrXWgA,4.0
pitaziki-mediterranean-grill-new-haven,cedG5gNDd1m_ELCNyCe1qQ,4.0
pitaziki-mediterranean-grill-new-haven,mEsTxIP4ZY1x5DTw9ejW0Q,5.0
pitaziki-mediterranean-grill-new-haven,vV3Yh-z6SxL8wxizVh87og,5.0
pitaziki-mediterranean-grill-new-haven,zTn_gpCianVdci4_nXQwew,5.0
pitaziki-mediterranean-grill-new-haven,uxirhYWB53bP8VUIZ-iGLA,5.0
pitaziki-mediterranean-grill-new-haven,sQarquZSwKsEIekegCSGKw,4.0
pitaziki-mediterranean-grill-new-haven,vPMbdvMLQGn2Ppiqa9Pm8g,3.0
pitaziki-mediterranean-grill-new-haven,HmXM59WtoSXiWn2fIgF56w,5.0
pitaziki-mediterranean-grill-new-haven,Hx9-uxiSG9-Hi9PHIbA9Vw,5.0
pitaziki-mediterranean-grill-new-haven,9P0ge7g5NqQyIo_QEYuy6w,4.0
pitaziki-mediterranean-grill-new-haven,czUeZrxJTyJTVW2vZdYsjA,1.0
pitaziki-mediterranean-grill-new-haven,EqfI_1QntAiwrbl2Q9_Wrg,5.0
da-legna-new-haven,GcIC5Afq7yyhxqK-nhrP4g,5.0
da-legna-new-haven,AfcmcGUCur_-9RZtefJyaQ,4.0
da-legna-new-haven,Jn4EAp5oCrlncQIA6DyPOQ,5.0
da-legna-new-haven,eRdQFwGEHvy4ifUYagzsTA,4.0
da-legna-new-haven,cN8ZfDW4-Qka2L05S2xGzA,5.0
da-legna-new-haven,8BWfRKelDjo-7P_QbQ-Kmg,4.0
da-legna-new-haven,LVwhg149FN8tDAVWTFe-Eg,5.0
da-legna-new-haven,c0lpNAD89rMp4pWZdxGy-g,3.0
da-legna-new-haven,VRw00O-WCrVHaGTk1Jk6Cg,4.0
da-legna-new-haven,tywhgQd-CMbishWP-v6W2Q,5.0
da-legna-new-haven,mimwN_fEmJy4GvtvVcub3g,4.0
da-legna-new-haven,r7ADggvn6D72s1RbnSLhNQ,5.0
da-legna-new-haven,BQ5DPg8ETflL51tWoNoRhw,1.0
da-legna-new-haven,ooECKe3GAwAOW9O5Tu1aQQ,4.0
da-legna-new-haven,I3AYuSWWECwrd8rBYKSGKg,5.0
da-legna-new-haven,XcoiMds1L2aJJxGhLThE5Q,1.0
da-legna-new-haven,xJpvRrk04rb4rgWtMXaPUQ,5.0
da-legna-new-haven,nLlomqC1foask2kFVvhFyw,5.0
da-legna-new-haven,4xCOziwRynfWt06xp0v6UQ,5.0
da-legna-new-haven,NMfZZnF2hF40h9huhDJA_g,5.0
da-legna-new-haven,Jg8EDvvlG9cP_lb5LCG0_Q,5.0
da-legna-new-haven,yusuEO23RFt8sL6ONIya9g,5.0
da-legna-new-haven,k8LNU4RFMX-MFgWhW1eicw,5.0
da-legna-new-haven,owT8ak-1BYR4FHaI9sP5dw,4.0
da-legna-new-haven,0JLWMSgUinY2j5kbP-kavg,5.0
da-legna-new-haven,nX2_KPIWfztEhvYcTc9TWw,3.0
da-legna-new-haven,TzRnKKiTA92bxt8UgGfKTw,5.0
da-legna-new-haven,nGHxa2UscsYtoyyWdtdwDQ,4.0
da-legna-new-haven,D501m5DIfhNgcagRJ0HeMg,5.0
da-legna-new-haven,B8hBoQ1jyzeFDJ7lNZhLig,4.0
da-legna-new-haven,sWMRU0M9Z3QmO8wF6DhNzQ,5.0
da-legna-new-haven,DVxmldiiZvG4Mkwx4smk5w,5.0
da-legna-new-haven,qnRoMok9hS2E8cpiWG1q7w,5.0
da-legna-new-haven,tXCQv1AprKH0UYaXpUy6YQ,5.0
da-legna-new-haven,eiaEyQARveUYvojrdOeT3Q,3.0
da-legna-new-haven,O9a2Dm0-xBK2vyeqhjgxVw,4.0
da-legna-new-haven,ODin7M3ej6blhhAVBMyfbw,5.0
da-legna-new-haven,1WsTxxKXI6MWqJ4KoKGofQ,5.0
da-legna-new-haven,7FYBo3dZddw8PULUbaxeSQ,2.0
da-legna-new-haven,6lAixi-sxfvJgxXibnOx2w,5.0
da-legna-new-haven,VA3awrkhNjUgHBKaCE9Lkw,5.0
da-legna-new-haven,q5BNyaXJnyjWR5ynd6_Xpw,5.0
da-legna-new-haven,X87qt1b2_ipOIk7tR4pIPg,5.0
da-legna-new-haven,g0uPxun8Thf3Who5RWAxiQ,1.0
da-legna-new-haven,iW7usYhpjaQaDOdj2Hd4TA,3.0
da-legna-new-haven,XgHNktr1IhVTgI1kZ28-6A,4.0
da-legna-new-haven,kOXuqfd4QZ8GIUVUjquQnw,5.0
da-legna-new-haven,a_FOul8hcisFQ-ILbbM5Ew,5.0
da-legna-new-haven,uYs7avizAnQQrwsw4hre2w,4.0
da-legna-new-haven,4lmOAl3HEkLT5WQtvGc05g,4.0
da-legna-new-haven,ypOkmdi7ldmzh6lyplQTyA,5.0
da-legna-new-haven,vvfyqV5_vdXFrbY-Mt80aw,5.0
da-legna-new-haven,wGn3gBJnByA4BT2aIzl2wQ,5.0
da-legna-new-haven,YeXmtkUQxubqrPCSdhxTFQ,5.0
da-legna-new-haven,XzZ-Wsc6Z3lvHpPEghJKUg,5.0
da-legna-new-haven,_73qw3jzgEiHXYNxCqMS9A,4.0
da-legna-new-haven,G_ewrDXcU0hXovihr2G5og,4.0
da-legna-new-haven,J4SBSg28-8dC4Zl4fUviBw,5.0
da-legna-new-haven,tpVrgJu5J9GcthVCtfgPkA,5.0
da-legna-new-haven,spDS7HPrOUc3wCNRyfSUnA,2.0
da-legna-new-haven,V2AMk3M6G9k0CixvyYz7Rw,5.0
da-legna-new-haven,D6YuGtZDugcZuJQ-22CP5w,5.0
da-legna-new-haven,6NFajJlaGkU9cUzGn7ES3A,1.0
da-legna-new-haven,081zKJzhiuHNpUY6eLaNkg,5.0
da-legna-new-haven,yTsHUozU2IKhP38keaIomw,5.0
da-legna-new-haven,upQniwVsF8XnpejY11vizw,5.0
da-legna-new-haven,9QD-0-niT0zqXX5wok7tOw,5.0
da-legna-new-haven,JPAusxLeJJ1OP-lcwKPYSQ,5.0
da-legna-new-haven,JYKLf8aAepHKaMUIIeS_-A,4.0
da-legna-new-haven,1_KomusMur6wJBbgPIUCxA,5.0
da-legna-new-haven,a7_d2Ya9OjCDjhWUbbgijg,4.0
da-legna-new-haven,bo31Hdyj53BPuF0q6Ux2YQ,4.0
da-legna-new-haven,COvoIgPLHSQrcRpO-z85PQ,5.0
da-legna-new-haven,B4EdMKFO3SF6qGyFfpSyhA,5.0
da-legna-new-haven,TdwNg0VRrQy0vCQkJDLOJw,5.0
da-legna-new-haven,IujivWgu4tXmMvFHORx3IA,5.0
da-legna-new-haven,lsSzieGFg6Fiun0DmrDThQ,5.0
da-legna-new-haven,rt_xL_eVYxBOc-5KtIWCfw,5.0
da-legna-new-haven,s-_ecc8UUq_5cionHqSy2g,2.0
da-legna-new-haven,QQYjES9TtJYDk2SYG96fJQ,5.0
da-legna-new-haven,I95bHlAclv6ZFyGfAVZgRg,4.0
da-legna-new-haven,4xqmXdU2qG0FTPWfh6iOEA,5.0
da-legna-new-haven,-KJCS34B-WC8dGCPKbK5tA,4.0
da-legna-new-haven,CdE-oB57Xrn-2njoW1RyDg,5.0
da-legna-new-haven,YCemTps4FFYrrA8Hy6ERpg,5.0
da-legna-new-haven,wB8wIM4sqISkKuEONAsiow,5.0
da-legna-new-haven,iQ8RqvTxMAyAOjFWg6nmPw,4.0
da-legna-new-haven,uClg_YQPvEiKYOBEvz7Rqg,5.0
da-legna-new-haven,Dm1Hmsh7aNwTOXDJ1WaJ4w,3.0
da-legna-new-haven,7qGoGVf-eBH9Zela8ZfGLw,5.0
da-legna-new-haven,RKUG8xQSQbs7o4L6XlMfLg,4.0
da-legna-new-haven,9aZBAsiaMtunaz6hD_8U7A,4.0
da-legna-new-haven,wVJtc6aG9mk-DTUnYah4_A,4.0
da-legna-new-haven,fVQZsOQy1p1BthYu9TaVFg,5.0
da-legna-new-haven,hzVnWlt681aE0vICw6U0TA,5.0
da-legna-new-haven,r8FzDpuUoDXcnyc7van5Tw,5.0
da-legna-new-haven,SFNTctsiX4EABPfuk9xB7Q,4.0
da-legna-new-haven,rkJ2UV5Rk7zk30UKJJqZ1Q,4.0
da-legna-new-haven,YtwV8apxbZ0LQWWF4DBROg,5.0
da-legna-new-haven,0mqRmSFyO2KR3Cb6r2VAPQ,5.0
tikkaway-fresh-indian-grill-new-haven-2,VtYDQk6fCdJp9WSLAVawyg,5.0
tikkaway-fresh-indian-grill-new-haven-2,_IUncSKOzqdy3uQu-FwsLQ,3.0
tikkaway-fresh-indian-grill-new-haven-2,FGY6rrqQovlNzubwF0tdqw,4.0
tikkaway-fresh-indian-grill-new-haven-2,4-NiW-FCytORxVSuS7EcDA,4.0
tikkaway-fresh-indian-grill-new-haven-2,IVEeHG_2DDgMGvPdgsmWrw,5.0
tikkaway-fresh-indian-grill-new-haven-2,Y6fdKo2-Cv9mUb-Qe9TChw,5.0
tikkaway-fresh-indian-grill-new-haven-2,xNnF-mndYvV0C5uOV2WPGQ,4.0
tikkaway-fresh-indian-grill-new-haven-2,2Gw2hZs8itK5dRCrWQXpLA,4.0
tikkaway-fresh-indian-grill-new-haven-2,1Yzw8oX8mB8ocVM3dqAO2A,5.0
tikkaway-fresh-indian-grill-new-haven-2,y-cLRnXOtPHG-Ph5IRFx-Q,5.0
tikkaway-fresh-indian-grill-new-haven-2,B8hBoQ1jyzeFDJ7lNZhLig,4.0
tikkaway-fresh-indian-grill-new-haven-2,zTn_gpCianVdci4_nXQwew,5.0
tikkaway-fresh-indian-grill-new-haven-2,d6NfAro3GdsvP3w917fCaA,4.0
tikkaway-fresh-indian-grill-new-haven-2,AhUCcX41h8sxZj2sUqIA4Q,5.0
tikkaway-fresh-indian-grill-new-haven-2,ZJFVOVZEZhMBWT6soI4eRg,4.0
tikkaway-fresh-indian-grill-new-haven-2,lwc4IY5Q4qZtO5B4SL1Ccw,5.0
tikkaway-fresh-indian-grill-new-haven-2,pmJtYnPUtt_KP-l0APD-DA,5.0
tikkaway-fresh-indian-grill-new-haven-2,ja6_9oEyJ5YRczZ87S-rzQ,5.0
tikkaway-fresh-indian-grill-new-haven-2,hP9crc2AXsozEu7JKUs7fw,5.0
tikkaway-fresh-indian-grill-new-haven-2,BZbz46l8FuOkVMiCIOH8Mw,4.0
tikkaway-fresh-indian-grill-new-haven-2,zWCCqajK9iVftpjrIVAwMw,2.0
tikkaway-fresh-indian-grill-new-haven-2,fNGgLHUoclSQ5Ro1UNiDzw,5.0
tikkaway-fresh-indian-grill-new-haven-2,zt8g-2f_Nzyvji2WUFSLsQ,5.0
tikkaway-fresh-indian-grill-new-haven-2,zy5OTrpwTMiKrU2VFUqYlw,5.0
tikkaway-fresh-indian-grill-new-haven-2,4x8Yf7wEA2BGe6kQn56RoQ,5.0
tikkaway-fresh-indian-grill-new-haven-2,ry0kAvWu83fu-Ku8jcMLoQ,5.0
tikkaway-fresh-indian-grill-new-haven-2,16mQCHo-2NlJZJTUI1fCtQ,5.0
tikkaway-fresh-indian-grill-new-haven-2,3W-PMFpSpVejpn5Fqxy0VQ,5.0
tikkaway-fresh-indian-grill-new-haven-2,wZPizeBxMAyOSl0M0zuCjg,4.0
tikkaway-fresh-indian-grill-new-haven-2,VhjViDyamaVUj3_cb4NlAA,5.0
tikkaway-fresh-indian-grill-new-haven-2,Yz2NTgwTPabWljWnuDL_Qw,5.0
tikkaway-fresh-indian-grill-new-haven-2,Fwwmx_mZvOIVTc0aff3lRg,1.0
tikkaway-fresh-indian-grill-new-haven-2,OMerStXlNSupqhNzCdt1yw,5.0
tikkaway-fresh-indian-grill-new-haven-2,SV0yTnIjTZOedSJcQko8Lg,1.0
tikkaway-fresh-indian-grill-new-haven-2,R-UFqItV5URwqlbH9dAc-w,5.0
tikkaway-fresh-indian-grill-new-haven-2,n4RMLXlgy4sJo6MQfXZ3_g,4.0
tikkaway-fresh-indian-grill-new-haven-2,XojLLTvhoDACFSbsjq9FeQ,4.0
tikkaway-fresh-indian-grill-new-haven-2,_IclSpsETx891VaZmcP8zA,4.0
tikkaway-fresh-indian-grill-new-haven-2,pO8Jjcm4G5CCwNC2ER8mwQ,4.0
tikkaway-fresh-indian-grill-new-haven-2,A4CEe_iAUakfcdt0lcg5BA,4.0
tikkaway-fresh-indian-grill-new-haven-2,fnZ-wN8tYymHQHKIIELRdw,5.0
tikkaway-fresh-indian-grill-new-haven-2,zHsrpLT8ZBCsIhh_yE7IMg,5.0
tikkaway-fresh-indian-grill-new-haven-2,20nU2-Do3ZCkxrs00sJY_Q,4.0
tikkaway-fresh-indian-grill-new-haven-2,Ic2d4fBGDrtZhG6jmpwu1g,5.0
tikkaway-fresh-indian-grill-new-haven-2,l3vD6WJNUVjmkjxO6HjKOw,5.0
tikkaway-fresh-indian-grill-new-haven-2,bX2CJ5ZzxA9KWF9O4uGUtg,5.0
tikkaway-fresh-indian-grill-new-haven-2,YvHFKnW-AqpUcdCknxZg0A,5.0
tikkaway-fresh-indian-grill-new-haven-2,kkjd1uDnvt47vFPfKCDRQw,5.0
tikkaway-fresh-indian-grill-new-haven-2,M3j6MCq03B7O2QMkWk4cnA,4.0
tikkaway-fresh-indian-grill-new-haven-2,oXp0KYtT6qARxggumUFtPg,4.0
tikkaway-fresh-indian-grill-new-haven-2,ZdXRdQaiQbwp3YtUJkFBjg,5.0
tikkaway-fresh-indian-grill-new-haven-2,8WDe-R3ePjOjp5bjh1szpQ,5.0
tikkaway-fresh-indian-grill-new-haven-2,GlcXyxCW-AmpbzSPnU9-hg,5.0
tikkaway-fresh-indian-grill-new-haven-2,lqhhjoB8d_faj_c-XE1-GQ,5.0
tikkaway-fresh-indian-grill-new-haven-2,7ZnKjKbJPgcLD7uQvM2Wow,4.0
tikkaway-fresh-indian-grill-new-haven-2,fHji2a0TCM2dcTBpZA_DIw,4.0
tikkaway-fresh-indian-grill-new-haven-2,zay--TnRmBbzrnS4AyHGkw,5.0
tikkaway-fresh-indian-grill-new-haven-2,jT1japLeFEucHwEaEmFf5g,4.0
tikkaway-fresh-indian-grill-new-haven-2,N1dl3ZJt5WbyGU1b8xuQSA,5.0
tikkaway-fresh-indian-grill-new-haven-2,G_YTZENmNvgGYkJ2_2hjJQ,5.0
tikkaway-fresh-indian-grill-new-haven-2,YNrgKqBZ538awI0iE8QNgw,2.0
tikkaway-fresh-indian-grill-new-haven-2,GBCPAYq3kdJnxz9n53qlig,5.0
tikkaway-fresh-indian-grill-new-haven-2,md1coI_4aWFxjmTbdJKXXg,4.0
tikkaway-fresh-indian-grill-new-haven-2,LMdQpYEUJAAxkjMt5DHnPA,4.0
tikkaway-fresh-indian-grill-new-haven-2,SFNTctsiX4EABPfuk9xB7Q,5.0
tikkaway-fresh-indian-grill-new-haven-2,1ZLKERXtA1PC35kvfjZGDQ,5.0
tikkaway-fresh-indian-grill-new-haven-2,UQlB5SV6KWL8VF_d_GSU_A,5.0
tikkaway-fresh-indian-grill-new-haven-2,5ZVFkvJW9k621PSziK8o8g,5.0
tikkaway-fresh-indian-grill-new-haven-2,R0tylnA4vH0m5wpauIJ-_g,5.0
tikkaway-fresh-indian-grill-new-haven-2,lUjFecZnSxFO0Djsfl0ppw,5.0
tikkaway-fresh-indian-grill-new-haven-2,wHPve3y-PSx4IBVYhVOckA,3.0
tikkaway-fresh-indian-grill-new-haven-2,SxAK-XUUCMqlSFP0-uJjfQ,5.0
tikkaway-fresh-indian-grill-new-haven-2,CzB8o7h-TVGSwreJWCTMdg,5.0
tikkaway-fresh-indian-grill-new-haven-2,eOFsQTbuaNjRHNzCJrXWgA,5.0
tikkaway-fresh-indian-grill-new-haven-2,BiyA58E1vj4ihSWCkFOJOg,4.0
tikkaway-fresh-indian-grill-new-haven-2,XpPBwWOxVbEkKTWpCXNVzQ,4.0
tikkaway-fresh-indian-grill-new-haven-2,RnI5HLHr8sltcMth9htCcQ,5.0
tikkaway-fresh-indian-grill-new-haven-2,DhbVSuvdNxCNZpE4HHrO9g,5.0
tikkaway-fresh-indian-grill-new-haven-2,nHfYA2L_AU4QtSDxSuZHEw,5.0
tikkaway-fresh-indian-grill-new-haven-2,cbhPomURVhdkgqH5Rv8Y2g,5.0
tikkaway-fresh-indian-grill-new-haven-2,LvAeLL1NKu5qdsDfmUU8VA,5.0
tikkaway-fresh-indian-grill-new-haven-2,qgaqJ6qkP8ZBN1h7RaZ48A,5.0
tikkaway-fresh-indian-grill-new-haven-2,Acx8yZLTsf7mPvaEgcPpdA,5.0
tikkaway-fresh-indian-grill-new-haven-2,umvYh5lZSeVueuqALEpL9A,4.0
tikkaway-fresh-indian-grill-new-haven-2,PXqt4_Vn5QXCBX7WHquuqQ,5.0
tikkaway-fresh-indian-grill-new-haven-2,sY4Mv8m6qEyUu60o_1wXXQ,5.0
tikkaway-fresh-indian-grill-new-haven-2,W87RaeBFLKu15X_54sHa3w,5.0
tikkaway-fresh-indian-grill-new-haven-2,n4KJwOb28s4wjq5Q6Tl96A,5.0
tikkaway-fresh-indian-grill-new-haven-2,9gpm_bu2zZLSYbZ1xAa8zQ,5.0
tikkaway-fresh-indian-grill-new-haven-2,PaE4PpZhlQIYaWLtulZ6BA,5.0
tikkaway-fresh-indian-grill-new-haven-2,4bCQ46JYJ0mVf0Sy7NbRHA,3.0
tikkaway-fresh-indian-grill-new-haven-2,AIRTReH174rgX1iVP-_WHg,5.0
tikkaway-fresh-indian-grill-new-haven-2,I5F_XyBFf8g2bt-g6q0lLA,4.0
tikkaway-fresh-indian-grill-new-haven-2,lQc2bgU9-fEQLcUNNkiQqQ,5.0
tikkaway-fresh-indian-grill-new-haven-2,RokD72lhLgQbnfVUJg3bkg,5.0
tikkaway-fresh-indian-grill-new-haven-2,xvyl8HV8cIw9ockjHNk33w,4.0
tikkaway-fresh-indian-grill-new-haven-2,DPcyPKu958q1fSz1BmtMpA,5.0
tikkaway-fresh-indian-grill-new-haven-2,1DQakm7n7krpZcY2rfwoTA,5.0
tikkaway-fresh-indian-grill-new-haven-2,QO5v1ALBG5aI32dhOG0S_w,5.0
tikkaway-fresh-indian-grill-new-haven-2,a3rKBu51I7ghVw-VeTJy7g,5.0
caseus-fromagerie-and-bistro-new-haven,yyjc3yGhJvnbwic2uDrKfg,5.0
caseus-fromagerie-and-bistro-new-haven,Udly52eK1AcmWUVdemKFqg,4.0
caseus-fromagerie-and-bistro-new-haven,hKBZisn10hA_dmIGXUn0ow,3.0
caseus-fromagerie-and-bistro-new-haven,Dtdy_XdJHuMcGb1GaTBGrw,4.0
caseus-fromagerie-and-bistro-new-haven,vdLuQqLADIF_Ru7sZEvibg,5.0
caseus-fromagerie-and-bistro-new-haven,DrR61py70mBZtkFx3ViaTA,5.0
caseus-fromagerie-and-bistro-new-haven,UoOwa1FVGvH6jv9peSYxcQ,1.0
caseus-fromagerie-and-bistro-new-haven,tAPYDhvY0YJl8rvJHdTSUQ,4.0
caseus-fromagerie-and-bistro-new-haven,0n4jYoztlDLVWSsycvprGA,2.0
caseus-fromagerie-and-bistro-new-haven,RclPvq7yA-zq1UowrLqj8g,4.0
caseus-fromagerie-and-bistro-new-haven,3jH2G7SOO3n-RIwGzck3Bw,5.0
caseus-fromagerie-and-bistro-new-haven,PaE4PpZhlQIYaWLtulZ6BA,5.0
caseus-fromagerie-and-bistro-new-haven,YC_2b-fC5aWhoBgbd1KOPA,4.0
caseus-fromagerie-and-bistro-new-haven,bBSs96GEvKFyEg5KHQ6xIw,1.0
caseus-fromagerie-and-bistro-new-haven,Ee5SjXfhiAOmd4JVHinaAg,3.0
caseus-fromagerie-and-bistro-new-haven,4yVDdFFcVAVf9RvfHkje5Q,5.0
caseus-fromagerie-and-bistro-new-haven,EyYVD9n7PlYYLTSEQ5t14w,5.0
caseus-fromagerie-and-bistro-new-haven,LRC5Ba1nGVlBTU6Hvsm8sw,4.0
caseus-fromagerie-and-bistro-new-haven,pbE3eolC6wp_iTSvH1OBJw,5.0
caseus-fromagerie-and-bistro-new-haven,cpqUhSUdR3kz-eFlSGA1SQ,5.0
caseus-fromagerie-and-bistro-new-haven,ZiIZcjl5UW1IItrivQVDYg,5.0
caseus-fromagerie-and-bistro-new-haven,Z9-MZXc0i0YgYvI5hqlxPA,2.0
caseus-fromagerie-and-bistro-new-haven,RLgdlJpEaHUAZSuttFkSHg,5.0
caseus-fromagerie-and-bistro-new-haven,d7nxpwyj4NWD_O6x5MPFNw,5.0
caseus-fromagerie-and-bistro-new-haven,YeXmtkUQxubqrPCSdhxTFQ,3.0
caseus-fromagerie-and-bistro-new-haven,RxHo_aECfurxzPpZN9WBCA,2.0
caseus-fromagerie-and-bistro-new-haven,4ZUeJIsRTmSFrPh43U6vcA,3.0
caseus-fromagerie-and-bistro-new-haven,BZ4pFzaV5DG9vVBq2PXWBg,4.0
caseus-fromagerie-and-bistro-new-haven,G986OSrZf0mA1YVG7BDnHg,4.0
caseus-fromagerie-and-bistro-new-haven,4VFWKuwu-Y-YEbsMDTUrOA,5.0
caseus-fromagerie-and-bistro-new-haven,3YLya_qPxY44Few9nb4raA,5.0
caseus-fromagerie-and-bistro-new-haven,beOF3v0u1zNY5-z4wu3B1g,5.0
caseus-fromagerie-and-bistro-new-haven,vxdyFpyiWkbSOYHefhB_dg,5.0
caseus-fromagerie-and-bistro-new-haven,l1CNyLLRfUFOPfuxtonReQ,5.0
caseus-fromagerie-and-bistro-new-haven,OyV9qM4Qx4Igu5WSpLn7cQ,5.0
caseus-fromagerie-and-bistro-new-haven,6OV4uJNVo3m8n9zHvHCrTA,1.0
caseus-fromagerie-and-bistro-new-haven,hBoarTkIjaR3KA4WmWwosw,5.0
caseus-fromagerie-and-bistro-new-haven,kABMPHGEKy7q7J_NPvGWNA,5.0
caseus-fromagerie-and-bistro-new-haven,vEvlj485sWkYrrzpMdzxxg,5.0
caseus-fromagerie-and-bistro-new-haven,16HfnEmgASYf1OaH8Oe7Hg,3.0
caseus-fromagerie-and-bistro-new-haven,7qGoGVf-eBH9Zela8ZfGLw,4.0
caseus-fromagerie-and-bistro-new-haven,8zTwc96vobu8eCEhMWWj2Q,4.0
caseus-fromagerie-and-bistro-new-haven,ap9Y4lkmqTJ8PfrydbdDYA,5.0
caseus-fromagerie-and-bistro-new-haven,Z10zR9fHXJlfgNFezv2ftA,5.0
caseus-fromagerie-and-bistro-new-haven,m_atE5-LI50Il2Gu9l1x2g,4.0
caseus-fromagerie-and-bistro-new-haven,sCH_3H5ij6eJ3J9GUukhJg,3.0
caseus-fromagerie-and-bistro-new-haven,qPgz3ksVpH9GSW0xkR3aTg,2.0
caseus-fromagerie-and-bistro-new-haven,-2J7cVyVzOu2job6P37wDA,5.0
caseus-fromagerie-and-bistro-new-haven,wHPve3y-PSx4IBVYhVOckA,5.0
caseus-fromagerie-and-bistro-new-haven,Bc2VYOjdQYJG3wGYJqwasg,5.0
caseus-fromagerie-and-bistro-new-haven,frMWg3uu2thG8fQH7BvPfg,3.0
caseus-fromagerie-and-bistro-new-haven,Ci1o1mX_HzGSLG433ZP7IA,5.0
caseus-fromagerie-and-bistro-new-haven,_TIFf-XatzJL4TiWsabhoA,5.0
caseus-fromagerie-and-bistro-new-haven,cDEYUWI59jbkLE3U1dYbKQ,4.0
caseus-fromagerie-and-bistro-new-haven,LR_TH9kb6Oh_8Za6IkbJmw,5.0
caseus-fromagerie-and-bistro-new-haven,8FUQaWli6Ww3DgmrIs_h_A,5.0
caseus-fromagerie-and-bistro-new-haven,NrSYQ7o7pAptD8Tjwspvnw,5.0
caseus-fromagerie-and-bistro-new-haven,KHKvutkYLjlBZ2YGjk09uw,5.0
caseus-fromagerie-and-bistro-new-haven,LpRQnAJGw8xhH0_6SNUZ7A,4.0
caseus-fromagerie-and-bistro-new-haven,Ee7Ir5wB6mO3J8EafCKybg,3.0
caseus-fromagerie-and-bistro-new-haven,G_YTZENmNvgGYkJ2_2hjJQ,5.0
caseus-fromagerie-and-bistro-new-haven,uClg_YQPvEiKYOBEvz7Rqg,3.0
caseus-fromagerie-and-bistro-new-haven,NXEuQaqgx2Bhi6cRgtGIMg,5.0
caseus-fromagerie-and-bistro-new-haven,NJvopNl9MgRJsJE7CypaUQ,4.0
caseus-fromagerie-and-bistro-new-haven,YpQeAaEP0iIhXcg3ZW7vBA,5.0
caseus-fromagerie-and-bistro-new-haven,JuQ6848gvllUzhA7IaGmhw,3.0
caseus-fromagerie-and-bistro-new-haven,itW3L9xEkbEh4cm7H8typg,5.0
caseus-fromagerie-and-bistro-new-haven,ehR5ieUf_2M4V51rroT5ag,5.0
caseus-fromagerie-and-bistro-new-haven,dSwNXqURlcPruVtn0sJPFw,5.0
caseus-fromagerie-and-bistro-new-haven,MCmksq55W3lkT6kuQjuZ3w,5.0
caseus-fromagerie-and-bistro-new-haven,WqhQWeGtz2uycWeFHVCSwQ,5.0
caseus-fromagerie-and-bistro-new-haven,S9hx0_cddFQsayD4_sJ7kw,5.0
caseus-fromagerie-and-bistro-new-haven,CzB8o7h-TVGSwreJWCTMdg,5.0
caseus-fromagerie-and-bistro-new-haven,LJMhjowVqx1ckrBaIFXzzQ,5.0
caseus-fromagerie-and-bistro-new-haven,-18LGDKB-OxQO3R6Zlgb1w,5.0
caseus-fromagerie-and-bistro-new-haven,aEjvkBfc2Aj2woH_cc8xpQ,2.0
caseus-fromagerie-and-bistro-new-haven,_73qw3jzgEiHXYNxCqMS9A,4.0
caseus-fromagerie-and-bistro-new-haven,Zm06hk3_u7CSntOOuQx65g,5.0
caseus-fromagerie-and-bistro-new-haven,veK7hGgRf7Qi7yBmI8NJTQ,4.0
caseus-fromagerie-and-bistro-new-haven,b4bTb4D4-2V1BU6qarzpQw,5.0
caseus-fromagerie-and-bistro-new-haven,CSa9CnMNJzrP2KSpl3MqIA,1.0
caseus-fromagerie-and-bistro-new-haven,k3S9jN_DYG_O4yrCXChuCw,4.0
caseus-fromagerie-and-bistro-new-haven,vV3Yh-z6SxL8wxizVh87og,4.0
caseus-fromagerie-and-bistro-new-haven,5svDINlVFQAYp5OWnSDszw,5.0
caseus-fromagerie-and-bistro-new-haven,IOiXIQw_k9a_3BnBZ0QJ7A,5.0
caseus-fromagerie-and-bistro-new-haven,zTn_gpCianVdci4_nXQwew,5.0
caseus-fromagerie-and-bistro-new-haven,cokSzgQcOgFIYXkU8xt-0g,3.0
caseus-fromagerie-and-bistro-new-haven,lQHHzWaGwK2P95SAxWzZkA,3.0
caseus-fromagerie-and-bistro-new-haven,9P0ge7g5NqQyIo_QEYuy6w,4.0
caseus-fromagerie-and-bistro-new-haven,dr2WFHSLqm614z7Q_n5Msg,5.0
caseus-fromagerie-and-bistro-new-haven,a3rKBu51I7ghVw-VeTJy7g,5.0
caseus-fromagerie-and-bistro-new-haven,2vFrtkBF6uy10ksMQT-o5g,5.0
caseus-fromagerie-and-bistro-new-haven,Z4toskgy0buZAo_BVYutaQ,5.0
caseus-fromagerie-and-bistro-new-haven,owT8ak-1BYR4FHaI9sP5dw,4.0
caseus-fromagerie-and-bistro-new-haven,Z7LjACNNbVhz5Aeh1IrAgA,3.0
caseus-fromagerie-and-bistro-new-haven,b0xTZkDrCIWXPgcHqlaopA,5.0
caseus-fromagerie-and-bistro-new-haven,gLXOPCgkArAN7gFmTI4qag,5.0
caseus-fromagerie-and-bistro-new-haven,_ydFTCjblFHTB45Gis7oLg,5.0
caseus-fromagerie-and-bistro-new-haven,ccnHnWx3HlKgfHPIzc76kA,5.0
caseus-fromagerie-and-bistro-new-haven,MBLIq0PsvV-DDBArAmvf5A,2.0
frank-pepe-pizzeria-napoletana-new-haven,fUL2UYdNjlxrXlkaIV428A,5.0
frank-pepe-pizzeria-napoletana-new-haven,SJjnGM-Za2jco_GlcbyxQg,2.0
frank-pepe-pizzeria-napoletana-new-haven,KFYlDqG-xF1xZpAhQUB3EA,5.0
frank-pepe-pizzeria-napoletana-new-haven,WrmUzCpfiwU7_kW5MEDqyA,3.0
frank-pepe-pizzeria-napoletana-new-haven,7IV3JXTXufasWNSkDEdrcQ,5.0
frank-pepe-pizzeria-napoletana-new-haven,IFkSQLXXTMACoWirAYI1jw,5.0
frank-pepe-pizzeria-napoletana-new-haven,hD8iFeZWANrCJMzkgLbmYQ,5.0
frank-pepe-pizzeria-napoletana-new-haven,6r0fm7jOC8SO_hfx9GR-cA,5.0
frank-pepe-pizzeria-napoletana-new-haven,IfBVYCvv-mm8dREEVNpjaQ,4.0
frank-pepe-pizzeria-napoletana-new-haven,VFEkJ3MtCIAsup2H77cKxw,5.0
frank-pepe-pizzeria-napoletana-new-haven,ooBKO0v4P-hLDn1Yg607Xg,3.0
frank-pepe-pizzeria-napoletana-new-haven,9wWetBcPaPjwms--pcwS6w,5.0
frank-pepe-pizzeria-napoletana-new-haven,3bs5yS7O7262QcARGfGU8Q,4.0
frank-pepe-pizzeria-napoletana-new-haven,Oq9M7bYXxFu1RwTIRUrD8g,5.0
frank-pepe-pizzeria-napoletana-new-haven,CIKD9oMj-qTZ3zDdgFW5_Q,5.0
frank-pepe-pizzeria-napoletana-new-haven,s6F579ooLepPTV1OJjJ2YA,5.0
frank-pepe-pizzeria-napoletana-new-haven,DMytY6k7LK3qW79Gf1cUkQ,4.0
frank-pepe-pizzeria-napoletana-new-haven,ovyPqYnAVINx-KlVQG54jA,5.0
frank-pepe-pizzeria-napoletana-new-haven,NrEtu6gdlAGC8CrTxv2PMQ,3.0
frank-pepe-pizzeria-napoletana-new-haven,niVlNMVNHYJ8euskuIP0dQ,4.0
frank-pepe-pizzeria-napoletana-new-haven,hftSLKkGJ_RCSt01eDDRxg,5.0
frank-pepe-pizzeria-napoletana-new-haven,BAuJZ3LRZ-cfFPqXeRYRZg,5.0
frank-pepe-pizzeria-napoletana-new-haven,wdntxIfahB56En_xUiBkCw,5.0
frank-pepe-pizzeria-napoletana-new-haven,u6Z1B5YdCLJHEbocIBhQwQ,3.0
frank-pepe-pizzeria-napoletana-new-haven,XsKL7KGNXL1r_YTxXuUWkA,4.0
frank-pepe-pizzeria-napoletana-new-haven,wtRnOXKaEy8o8nhw4rboNw,5.0
frank-pepe-pizzeria-napoletana-new-haven,ME9Wqs7-ipE8ulmY3kM0fg,4.0
frank-pepe-pizzeria-napoletana-new-haven,RkVc2dkOPgE0CBHNuFZuDA,5.0
frank-pepe-pizzeria-napoletana-new-haven,pCPKpjTSQEdSqfkg94f4xw,5.0
frank-pepe-pizzeria-napoletana-new-haven,5nd9UFG5AY_PEsUYZoCKJg,2.0
frank-pepe-pizzeria-napoletana-new-haven,fCvMnJU1Z-XhAjKg99wK3Q,5.0
frank-pepe-pizzeria-napoletana-new-haven,giJKPZbmZofGMS3f4vl5mg,4.0
frank-pepe-pizzeria-napoletana-new-haven,sU3fgY2NCgV1e7rS8m6lmA,5.0
frank-pepe-pizzeria-napoletana-new-haven,SqVUNVeYJblyoUz4e-Fiqw,4.0
frank-pepe-pizzeria-napoletana-new-haven,RF-2tMhj9y1Ajuq9AQyR-w,3.0
frank-pepe-pizzeria-napoletana-new-haven,gqsF3XgAasI9SKX7aHq-ng,3.0
frank-pepe-pizzeria-napoletana-new-haven,EyYVD9n7PlYYLTSEQ5t14w,4.0
frank-pepe-pizzeria-napoletana-new-haven,clLjkEOPtYRA1mkNuLow2A,4.0
frank-pepe-pizzeria-napoletana-new-haven,w9RhCJqBrK7OxwdN8ByZmg,5.0
frank-pepe-pizzeria-napoletana-new-haven,5RvXYNVlIAL_cytm1OQ1Og,5.0
frank-pepe-pizzeria-napoletana-new-haven,cuMCNayD6DozFYc4c5x7AA,1.0
frank-pepe-pizzeria-napoletana-new-haven,G9P3h7ZGdbdc_Zt6IKC2vQ,5.0
frank-pepe-pizzeria-napoletana-new-haven,qdU1O2_ERYJlk6zAlR5kkw,5.0
frank-pepe-pizzeria-napoletana-new-haven,sA7ekzYCrRYdF7Hxng3l0w,5.0
frank-pepe-pizzeria-napoletana-new-haven,p5lg8rGLtWF9ou69zffcag,5.0
frank-pepe-pizzeria-napoletana-new-haven,gDF18aAdnucPdRxWquixPg,5.0
frank-pepe-pizzeria-napoletana-new-haven,t1yEAhERoVXywVte_6a7bg,3.0
frank-pepe-pizzeria-napoletana-new-haven,Fwx5XoSVODKEBq42C9vESg,5.0
frank-pepe-pizzeria-napoletana-new-haven,LCleWLbw3jfnSeuDyaHk4A,5.0
frank-pepe-pizzeria-napoletana-new-haven,Hs2PzfK2NZ1kQJni0CuyAQ,4.0
frank-pepe-pizzeria-napoletana-new-haven,5MHKuflGf5qGiIJjzojCeg,5.0
frank-pepe-pizzeria-napoletana-new-haven,tSfkGxBxuhw5RJRlkwdh8g,2.0
frank-pepe-pizzeria-napoletana-new-haven,vUthM37V1IkWqy2laAzuhw,3.0
frank-pepe-pizzeria-napoletana-new-haven,LPqV0W54xzjB0hEBKR8fjQ,4.0
frank-pepe-pizzeria-napoletana-new-haven,ZhATZtcAivCoCVCup3VSeQ,4.0
frank-pepe-pizzeria-napoletana-new-haven,K76dmjxtfvrbui_jeMAivQ,5.0
frank-pepe-pizzeria-napoletana-new-haven,_ZiXEVswn4vCTio8-ZVPNA,5.0
frank-pepe-pizzeria-napoletana-new-haven,TCMzxfVFFGbzZ89kjwthuw,5.0
frank-pepe-pizzeria-napoletana-new-haven,ITa3vh5ERI90G_WP4SmGUQ,4.0
frank-pepe-pizzeria-napoletana-new-haven,fkawweeCwxO7cWq8EgEkFw,3.0
frank-pepe-pizzeria-napoletana-new-haven,L8X3o_9mwFFiMIIxuQJz5g,4.0
frank-pepe-pizzeria-napoletana-new-haven,qCON7b_MfPrUPf0J_8rDyg,5.0
frank-pepe-pizzeria-napoletana-new-haven,YC_2b-fC5aWhoBgbd1KOPA,4.0
frank-pepe-pizzeria-napoletana-new-haven,UZ8_xqhiguIYb9Lu2Wu8og,4.0
frank-pepe-pizzeria-napoletana-new-haven,yLoc8z3K7qV1t63mELyG_A,5.0
frank-pepe-pizzeria-napoletana-new-haven,JK8aciYyHaMgukO1hc5RZA,4.0
frank-pepe-pizzeria-napoletana-new-haven,FMieMUseazZt4L6KmQpIZQ,5.0
frank-pepe-pizzeria-napoletana-new-haven,pcRUtQKVr6bMgC7ponhvlQ,5.0
frank-pepe-pizzeria-napoletana-new-haven,3bab3AEwvFD1aMqk3oJRSg,4.0
frank-pepe-pizzeria-napoletana-new-haven,BJg5U_pK2oOLiPp7iGhQDA,3.0
frank-pepe-pizzeria-napoletana-new-haven,TAeqBo1QIRcMR5NhhWjgsw,3.0
frank-pepe-pizzeria-napoletana-new-haven,p7K0ewuRvtSgDNCbK7_gAw,4.0
frank-pepe-pizzeria-napoletana-new-haven,Ptn4iHQAbKjM0x1o1zMcfQ,3.0
frank-pepe-pizzeria-napoletana-new-haven,_IUncSKOzqdy3uQu-FwsLQ,2.0
frank-pepe-pizzeria-napoletana-new-haven,79v-gQGXlgqL6w47RAJy5A,5.0
frank-pepe-pizzeria-napoletana-new-haven,mPeVEdrwphqL0jfm0oU4bQ,5.0
frank-pepe-pizzeria-napoletana-new-haven,jtkXg-OITT1Wvq0jCpLudA,5.0
frank-pepe-pizzeria-napoletana-new-haven,dArzYnlZh0gBLjA6YkJeoQ,4.0
frank-pepe-pizzeria-napoletana-new-haven,VaqXmSqi99oVGkhVAxDDwQ,5.0
frank-pepe-pizzeria-napoletana-new-haven,uRYKoBSy4IPU7ck0iYNaUg,4.0
frank-pepe-pizzeria-napoletana-new-haven,gtLLI8gtll4NbEP6LWVkVg,4.0
frank-pepe-pizzeria-napoletana-new-haven,rnl7vGnHmmkokmkG2jDH3Q,1.0
frank-pepe-pizzeria-napoletana-new-haven,Q56Gw9k537RGiZNMPFj7Vw,3.0
frank-pepe-pizzeria-napoletana-new-haven,oj3tYupF3o-4bcdn9X4BMg,5.0
frank-pepe-pizzeria-napoletana-new-haven,3QnoTcrxuafMCoTzW_AH7A,5.0
frank-pepe-pizzeria-napoletana-new-haven,rMBDflQdwgs7PgzFK20EFQ,3.0
frank-pepe-pizzeria-napoletana-new-haven,SGPCLi-kVZ_pz1w7VJtkeA,5.0
frank-pepe-pizzeria-napoletana-new-haven,ORJDGNhrBpq3vN7CU2yu9A,2.0
frank-pepe-pizzeria-napoletana-new-haven,m4uQC0dvny22lPEvAG2gZA,3.0
frank-pepe-pizzeria-napoletana-new-haven,jY1shXf_LQVhSoUyoXqQRQ,5.0
frank-pepe-pizzeria-napoletana-new-haven,xqiFxfywagamNEXhQ_3xfg,3.0
frank-pepe-pizzeria-napoletana-new-haven,pMklRHD4FVOMRfHvk1xrqw,5.0
frank-pepe-pizzeria-napoletana-new-haven,M1_7TLi8CbdA89nFLlH4iw,5.0
frank-pepe-pizzeria-napoletana-new-haven,NwF-_q_pHeC59LVOfN4xuQ,5.0
frank-pepe-pizzeria-napoletana-new-haven,yuRc5b3tMvHkk-8XRh0s5w,4.0
frank-pepe-pizzeria-napoletana-new-haven,SAfNyiLVgPZzp_aGpXnfwg,4.0
frank-pepe-pizzeria-napoletana-new-haven,Oad3MQV_8mOBZkW__pLtSw,5.0
frank-pepe-pizzeria-napoletana-new-haven,HVQKFDi-vZbawtmLMq3ZOw,5.0
frank-pepe-pizzeria-napoletana-new-haven,0-R4YEB6k5QhlN2LBUBiFA,5.0
frank-pepe-pizzeria-napoletana-new-haven,2qU9ELzuWmUDYux6uTVaGQ,5.0
crepes-choupette-new-haven-6,4jUG2x44weiwx-x7Q0GaDQ,5.0
crepes-choupette-new-haven-6,SdBtAmvcHHoYIiMXMY3fLw,3.0
crepes-choupette-new-haven-6,135DbbQnr3BEkQbBzZ9T1A,4.0
crepes-choupette-new-haven-6,1pw-IvdRKT5sc7Djep4A7A,5.0
crepes-choupette-new-haven-6,PaE4PpZhlQIYaWLtulZ6BA,5.0
crepes-choupette-new-haven-6,rbQ449tF0UOTv-Of2tzd_A,5.0
crepes-choupette-new-haven-6,MBR9h1csUDowHBv48fRZ7w,5.0
crepes-choupette-new-haven-6,WA9fjdFYyWon5ecMRUrJRg,5.0
crepes-choupette-new-haven-6,A9DLmPF2BYteBAnl-SZNqw,4.0
crepes-choupette-new-haven-6,K3fXQ8Wh-sigAsz1nHKYYg,5.0
crepes-choupette-new-haven-6,yfYK7L2M_990cwspFpCJaA,5.0
crepes-choupette-new-haven-6,IfBVYCvv-mm8dREEVNpjaQ,5.0
crepes-choupette-new-haven-6,4GcGafpJT1tlG64oc0E4tA,5.0
crepes-choupette-new-haven-6,QQP2Wnwa4BmDCL_PLx50Rw,4.0
crepes-choupette-new-haven-6,wfDwvLrcIQnG4N3EAp_1mw,5.0
crepes-choupette-new-haven-6,J4oFgnoIhuXRDFSLyHQWsw,5.0
crepes-choupette-new-haven-6,-T3n1v94yVYBUV9k736eKA,5.0
crepes-choupette-new-haven-6,bU98WbCmo6gyZmODlI50SQ,4.0
crepes-choupette-new-haven-6,cqvEENl14KfqA9nNLK1S1Q,5.0
crepes-choupette-new-haven-6,xSAftY1MOkbRk-4KZlHfyw,5.0
crepes-choupette-new-haven-6,_IclSpsETx891VaZmcP8zA,3.0
crepes-choupette-new-haven-6,eraqgh5n1jRccCvRqWOivQ,5.0
crepes-choupette-new-haven-6,FFwW8kywq7elPuG3MsNDuQ,5.0
crepes-choupette-new-haven-6,hWHSNY0-RAGtSFonCO0H1g,5.0
crepes-choupette-new-haven-6,YXv2csnfABC4R8iU8MqTDQ,5.0
crepes-choupette-new-haven-6,nN1rjcUeIpi7VLdafVrdZg,5.0
crepes-choupette-new-haven-6,Pb6SFfl5rkALOIIiZHKRkg,5.0
crepes-choupette-new-haven-6,G5xPc55HjAaII0CpxJa9kA,5.0
crepes-choupette-new-haven-6,-cBm8GYIVz5ktspjgF7soA,5.0
crepes-choupette-new-haven-6,0mqRmSFyO2KR3Cb6r2VAPQ,5.0
crepes-choupette-new-haven-6,gt2aLPrGSYPLv1WCAM8puA,4.0
crepes-choupette-new-haven-6,oXp0KYtT6qARxggumUFtPg,5.0
crepes-choupette-new-haven-6,GPDskOvUTkPu6FynM1KP3g,5.0
crepes-choupette-new-haven-6,k6W2N8iP1GmzMxUcoTj-Ew,3.0
crepes-choupette-new-haven-6,muM2LUdFec1rGtg4BeU3IA,2.0
crepes-choupette-new-haven-6,6eHRtt_MxJB4cHaiSSCNGQ,5.0
crepes-choupette-new-haven-6,22SwOr8D3KBzJ6q3sOeHzQ,4.0
crepes-choupette-new-haven-6,1Y-CM3ZyQJ1bWJrrJD3imw,5.0
crepes-choupette-new-haven-6,yk5_ry6LTTCukKq304EqvQ,5.0
crepes-choupette-new-haven-6,n7zMzJFh1RTI7POU1pWqhQ,5.0
crepes-choupette-new-haven-6,iQ-gQiLLCvXe4z2u6dZJeQ,5.0
crepes-choupette-new-haven-6,ZqDoSMh24hwlhj4jkoMlsA,4.0
crepes-choupette-new-haven-6,0_VHLUh7GvvsjVbswXZ-4A,5.0
crepes-choupette-new-haven-6,DX4q_sPVN-PS-yH5usHhFg,4.0
crepes-choupette-new-haven-6,v2M1MHBqnjfaB3PdRNjaaw,4.0
crepes-choupette-new-haven-6,bEOZvV1Yry68Pq37cNrrTg,3.0
crepes-choupette-new-haven-6,mzboXfZc6ToGaHtK4i3NSA,5.0
crepes-choupette-new-haven-6,AexOe9Cubma7zEO-GuYxkw,4.0
crepes-choupette-new-haven-6,0R4EQE0khRTivoO0bufwHw,5.0
crepes-choupette-new-haven-6,naGmq634luqSV7Qg70F5GA,5.0
crepes-choupette-new-haven-6,qY6mDSbKJv0UYC3iGyr9Nw,5.0
crepes-choupette-new-haven-6,azccDLzx4AWpF00fXuredA,1.0
crepes-choupette-new-haven-6,QCi0yTb29VWUNMhNg3Ly-Q,5.0
crepes-choupette-new-haven-6,leKTYFLZ1SOgvliW4sbtVg,2.0
crepes-choupette-new-haven-6,hcvA6f7fkeDOX_yrBOW9oA,4.0
crepes-choupette-new-haven-6,XeT-UHYNZmz1gKs9xUzIrQ,5.0
crepes-choupette-new-haven-6,Em-VXjPlDUrGBnka72i_Sw,5.0
crepes-choupette-new-haven-6,yVoj8sxAEuRpb77rRYBVhQ,5.0
crepes-choupette-new-haven-6,5g3nTnIm_vTbKegSwyiZdg,5.0
crepes-choupette-new-haven-6,e7eK5dDJcZMUPLCD0NYS9g,5.0
crepes-choupette-new-haven-6,elRLCCTAPdHkRLRZIKQAAg,5.0
crepes-choupette-new-haven-6,MVkTufCw4PEbW7tWhVlSvQ,5.0
crepes-choupette-new-haven-6,v3ik8ZIQ6yqfbnWXufXobA,5.0
crepes-choupette-new-haven-6,ncA_y33ETqqPHyV4tvfI5g,5.0
crepes-choupette-new-haven-6,6PWCge95dXzdufUE2o9oYg,5.0
crepes-choupette-new-haven-6,3YI4hW0D2KLSN8iJ-I0stw,5.0
mecha-noodle-bar-new-haven,WA9fjdFYyWon5ecMRUrJRg,5.0
mecha-noodle-bar-new-haven,micHAKLs29PIQo9FF23JKA,3.0
mecha-noodle-bar-new-haven,31gbSB7Vnhb7qYnx9-OmQg,2.0
mecha-noodle-bar-new-haven,9fjuKRZE8uPW-ZGurlSSmw,3.0
mecha-noodle-bar-new-haven,Ee5SjXfhiAOmd4JVHinaAg,5.0
mecha-noodle-bar-new-haven,zt8g-2f_Nzyvji2WUFSLsQ,4.0
mecha-noodle-bar-new-haven,0FPli-6rsVZ8Z0SmLxF-vw,5.0
mecha-noodle-bar-new-haven,noGOw0ccX1R1McVoOkSrWA,5.0
mecha-noodle-bar-new-haven,vdLuQqLADIF_Ru7sZEvibg,3.0
mecha-noodle-bar-new-haven,OnPNzPSjxUlEiYYgKWsT4A,3.0
mecha-noodle-bar-new-haven,X87qt1b2_ipOIk7tR4pIPg,4.0
mecha-noodle-bar-new-haven,Y6fdKo2-Cv9mUb-Qe9TChw,4.0
mecha-noodle-bar-new-haven,YHg6u6DMCfC8xLDvcp77UQ,5.0
mecha-noodle-bar-new-haven,UeT_OwvPOm57_fWeKpwrDA,3.0
mecha-noodle-bar-new-haven,QBFuMzRTE0Bb5ZsGei0WbQ,5.0
mecha-noodle-bar-new-haven,J4oFgnoIhuXRDFSLyHQWsw,4.0
mecha-noodle-bar-new-haven,EcCOEfFwgaBmbvIMKi7UsQ,5.0
mecha-noodle-bar-new-haven,hsH7Oa8taVLJCx0ykv1tWg,5.0
mecha-noodle-bar-new-haven,OFpFCzqRU4nxi3MuPIPIvQ,4.0
mecha-noodle-bar-new-haven,RZopDG2MzL3cZK_i3vL3Zw,3.0
mecha-noodle-bar-new-haven,FsH-kdFONhUCMOE_i7AQlQ,2.0
mecha-noodle-bar-new-haven,FIJ6O3RFFYyLzmCr8J520A,5.0
mecha-noodle-bar-new-haven,uazzDBvqomLWg6f_cOqRfA,3.0
mecha-noodle-bar-new-haven,kWwxU9XqVh57Ce9IfElyQA,4.0
mecha-noodle-bar-new-haven,oSUTIiZuyUbgFIVKJEYB3Q,5.0
mecha-noodle-bar-new-haven,83Kd8dLKovd9b4lfKdVxgA,5.0
mecha-noodle-bar-new-haven,Ol9mKVEgbaRD68VVNs0FEw,4.0
mecha-noodle-bar-new-haven,XVn6F8iKZzK4VjWqps7GgQ,1.0
mecha-noodle-bar-new-haven,ZvjxtsJF_bYuU3NY4IUvvQ,5.0
mecha-noodle-bar-new-haven,nxtGw3yt4HJlME4f0r_3bw,5.0
mecha-noodle-bar-new-haven,5VXZqMPWWhiqIJwJYlO-tQ,4.0
mecha-noodle-bar-new-haven,s_dX6ptTIlC782Qbk0lM5Q,5.0
mecha-noodle-bar-new-haven,l03dS6Y91lX8zlptktCokQ,3.0
mecha-noodle-bar-new-haven,llqHcJicy8xnETEeOl1kYg,5.0
mecha-noodle-bar-new-haven,gvWwbDtwFnqFlSyr3zluZA,4.0
mecha-noodle-bar-new-haven,LP3pBvw-RHNPAQY3J7u9aQ,5.0
mecha-noodle-bar-new-haven,nFnVkG0zfF-lXaa_aUtBAQ,2.0
mecha-noodle-bar-new-haven,8rxPUGWWBUYFpaPLBga24A,4.0
mecha-noodle-bar-new-haven,zsHCSHP_oak6WXV2aWH1QA,4.0
mecha-noodle-bar-new-haven,o9NSJHKJqGHFq62Of5j6pw,5.0
mecha-noodle-bar-new-haven,yKgBtiV-k-XmMa_kd-kagg,5.0
mecha-noodle-bar-new-haven,aKyrfYCAVLKU3w4lh56hHQ,5.0
mecha-noodle-bar-new-haven,-ihCiJal6Nb0tHcCQ6ql3A,5.0
mecha-noodle-bar-new-haven,decHiq-MzZg_bgT3V2DQDw,5.0
mecha-noodle-bar-new-haven,FzPmDaLw-P86PAnGexC_Kw,5.0
mecha-noodle-bar-new-haven,XuM9agyrSXYxUAjRNc_BgA,5.0
mecha-noodle-bar-new-haven,7iy6oekk9meSGtqlXlHUdw,5.0
mecha-noodle-bar-new-haven,x3s3EYwbDHifQOX_7rDjrw,5.0
mecha-noodle-bar-new-haven,iBU_KYRYkyHb_3u5-kmMXg,1.0
mecha-noodle-bar-new-haven,-eC_NieijzKRpsWmatWaOQ,5.0
junzi-kitchen-new-haven,Q9a0awnd5NZE0C29kXJWbw,5.0
junzi-kitchen-new-haven,_9oCJep59XMxiO0PdtCCmQ,4.0
junzi-kitchen-new-haven,micHAKLs29PIQo9FF23JKA,3.0
junzi-kitchen-new-haven,XgHNktr1IhVTgI1kZ28-6A,4.0
junzi-kitchen-new-haven,wZPizeBxMAyOSl0M0zuCjg,5.0
junzi-kitchen-new-haven,iYwvHpgiLqBX2dFJhx7zBQ,5.0
junzi-kitchen-new-haven,IfBVYCvv-mm8dREEVNpjaQ,4.0
junzi-kitchen-new-haven,6wGjjZkbAhcPnorLeh6INg,2.0
junzi-kitchen-new-haven,IbCNoublFhAJ_QynLOvKog,4.0
junzi-kitchen-new-haven,4xCOziwRynfWt06xp0v6UQ,5.0
junzi-kitchen-new-haven,M6bvgVUkyNBgrc7XKzRXqA,5.0
junzi-kitchen-new-haven,SdBtAmvcHHoYIiMXMY3fLw,5.0
junzi-kitchen-new-haven,vMCLXEmYkzm31NU33G6nTA,5.0
junzi-kitchen-new-haven,0R4EQE0khRTivoO0bufwHw,4.0
junzi-kitchen-new-haven,wfDwvLrcIQnG4N3EAp_1mw,4.0
junzi-kitchen-new-haven,zto3tsyG40FKhgylEUZ8DA,5.0
junzi-kitchen-new-haven,t61jZF0KSpjonh8K_9cFaA,3.0
junzi-kitchen-new-haven,lYSzpJ1GKb2jpFPckHmwfg,4.0
junzi-kitchen-new-haven,bU98WbCmo6gyZmODlI50SQ,5.0
junzi-kitchen-new-haven,qxd3vNi97kzd6t3dTtMh_g,3.0
junzi-kitchen-new-haven,zt8g-2f_Nzyvji2WUFSLsQ,4.0
junzi-kitchen-new-haven,hqojrGeufv6qYpN00R-OsA,5.0
junzi-kitchen-new-haven,6lAixi-sxfvJgxXibnOx2w,5.0
junzi-kitchen-new-haven,1SFFF-FFwCQVb9CG1RRpsA,5.0
junzi-kitchen-new-haven,4lf0BjF_TIJuYpFsDWOHuw,4.0
junzi-kitchen-new-haven,WA9fjdFYyWon5ecMRUrJRg,3.0
junzi-kitchen-new-haven,wJfniSNkfdqEwTbJUGjy9w,5.0
junzi-kitchen-new-haven,VpAgTQYIohqiIJ_3uCm5WQ,5.0
junzi-kitchen-new-haven,_IclSpsETx891VaZmcP8zA,3.0
junzi-kitchen-new-haven,t6h3NEdHdeZ1y56McIZkmg,5.0
junzi-kitchen-new-haven,U1FGtakmRMQ57DOqqe-Dng,5.0
junzi-kitchen-new-haven,6XaYUdM7bsEZUkP9BXEHhQ,5.0
junzi-kitchen-new-haven,0kkVTMB5qcA8599H-FWtXw,5.0
junzi-kitchen-new-haven,3mv6wtmVEIbC5xa9Z81w9A,4.0
junzi-kitchen-new-haven,JrkA-WZ9oGhseb4gFGTRrQ,5.0
junzi-kitchen-new-haven,jjZZqFkATTjy5xTuhNXqtw,5.0
junzi-kitchen-new-haven,T4noG348ZWFxMViHkHH8qA,5.0
junzi-kitchen-new-haven,BqYceaihVK5nx8bhKEhUJw,5.0
junzi-kitchen-new-haven,wKa3B74YQgZt48dW26YmFA,5.0
junzi-kitchen-new-haven,m3vkNmt_7B6wN2YpmIfFKw,4.0
junzi-kitchen-new-haven,eQWla7-06GSmsRbmmfHEoQ,4.0
junzi-kitchen-new-haven,ix_fbKIJ2qKCJjwmzzNesg,5.0
junzi-kitchen-new-haven,CSVBWd3SOKMpFQcpgvCpWw,4.0
junzi-kitchen-new-haven,F5wwhGxwhJJevz_DZI7PgA,5.0
junzi-kitchen-new-haven,kjfjO8FFmJnU8NSTMymivw,5.0
junzi-kitchen-new-haven,fF-kVN0wUtzt4ooprikwaw,4.0
junzi-kitchen-new-haven,gt2aLPrGSYPLv1WCAM8puA,4.0
junzi-kitchen-new-haven,Kl59wGAYUdiOjCmnLL1_bg,5.0
junzi-kitchen-new-haven,zGYW34PX-Id9KA3DlldO9A,5.0
junzi-kitchen-new-haven,q8XFmkDDDKfX7XSs18HdPg,5.0
junzi-kitchen-new-haven,TL6HXBIXqQkpC0KGaVSGkw,5.0
junzi-kitchen-new-haven,Lo4QjsrNxlbgirQ9PtJekQ,4.0
junzi-kitchen-new-haven,IlGYj_XAMG3v75rfmtBs_Q,5.0
junzi-kitchen-new-haven,PTfbiAkCUgVvakss7b8pxw,5.0
junzi-kitchen-new-haven,ntGDHmRRqhjLULV74v4HNw,5.0
junzi-kitchen-new-haven,j5XuDgHgpnYBYvON4KUSBA,5.0
junzi-kitchen-new-haven,Tt7bwaWmFh_5Qa2lKZUPig,5.0
junzi-kitchen-new-haven,MpBluIXAhS9W2tiquh1VUg,2.0
junzi-kitchen-new-haven,aRPGEw5E5-Ek2xwTs-1JkA,5.0
junzi-kitchen-new-haven,u8n4K8Q379-qdBHFXkF-SA,5.0
junzi-kitchen-new-haven,hcvA6f7fkeDOX_yrBOW9oA,5.0
junzi-kitchen-new-haven,9ESSWZqrYm2mig7fOMZutA,5.0
junzi-kitchen-new-haven,Kvf5EIADYYv61Fnb9mnaYQ,5.0
junzi-kitchen-new-haven,Ps_Ss1Sm3S8zeuGtDKbN5Q,5.0
junzi-kitchen-new-haven,0aJOJO7LFzBBKtVsfGu5CA,5.0
